COUNTRY	AUT	CHE	BLX	ESP	FIN	FRA	GBR	GRC	ITA	RFA	SWE	TUR	NOR	BGR	HUN	POL	RCEU	RCZ	ROM	MEME	NOA	EGY	GOLF	WAF	EAF	SAF	RSA	KAZ	RIS	RUS	RUE	UKR	COR	JPN	AUS	NZL	PAC	MON	CHN	TWN	RSAS	NDE	IDN	THA	MYS	PHL	VNM	RSEA	CAN	USA	BRA	MEX	RCAM	CHL	ARG	RSAM	Ship	Air	Ocean	EUR
AUT	-0.001556	-0.0002433	-0.00007559	-0.0003	0	-0.0001454	0	-0.001122	-0.0037	-0.000345	0	-0.0005322	0	-0.0005123	-0.0006821	-0.0002842	-0.001266	-0.0004675	-0.0003228	-0.0004676	-0.001264	-0.001006	-0.0003348	-0.0000147	-0.000003653	-0.000008803	-0.000001746	-0.00004235	-0.0001483	-0.0001199	-0.000007497	-0.0001946	-0.00002487	-0.00002469	-2.814E-07	-1.923E-08	-2.761E-07	-0.00002251	-0.00001963	-0.00002046	-0.00005742	-0.000007754	-0.000001116	-6.841E-08	-6.648E-07	-0.000004672	-0.000001921	-0.000000336	-0.000009534	-0.00001286	-5.837E-08	-0.000003551	-8.198E-07	5.908E-09	-8.947E-09	-2.667E-07	0	0	-0.0001319	0
CHE	-0.000118	-0.0003176	-0.00004612	-0.00009413	0	-0.0001583	0	-0.00008256	-0.0004436	-0.000121	0	-0.00003848	0	-0.00004075	-0.00003975	-0.00004468	-0.00008251	-0.00004958	-0.00002638	-0.00003315	-0.0001507	-0.00006172	-0.00003782	-0.000001208	1.659E-07	-0.000002049	-0.000001224	-0.000004204	-0.00002128	-0.00001073	-0.000001671	-0.00002122	-0.000002116	-0.000002666	8.746E-09	-1.101E-08	-1.959E-08	-0.00000382	-0.000003124	-0.000005987	-0.000009135	-0.000001135	3.226E-07	-4.886E-08	-2.671E-07	-6.528E-07	-4.023E-07	-1.081E-07	-0.000002406	-0.000007971	2.731E-07	-4.306E-07	-2.969E-07	3.135E-09	5.279E-08	0.000001363	0	0	-0.00002112	0
BLX	-0.000479	-0.0003585	-0.0003942	-0.0005833	0	-0.0009074	0	-0.0005447	-0.001849	-0.0003123	0	-0.0003967	0	-0.0002881	-0.0002923	-0.0001682	-0.0005257	-0.0002109	-0.000207	-0.0003195	-0.0006755	-0.0007407	-0.0002217	-0.00001093	-0.000002266	-0.000004138	-0.000001099	-0.0000367	-0.0001195	-0.0001527	-0.00000552	-0.0001947	-0.000007794	-0.000004218	-1.659E-07	-9.952E-08	-7.341E-08	2.044E-07	-0.00001194	-0.00001477	-0.0000386	-0.000003768	-1.853E-07	-1.255E-08	-3.189E-07	-0.000002094	-0.000001509	-1.505E-07	-0.00000757	-0.00001053	0.000000102	-0.00000173	-4.108E-07	1.106E-08	7.55E-08	9.593E-07	0	0	-0.00008568	0
ESP	-0.003904	-0.005779	-0.001082	-0.04132	0	-0.01352	0	-0.006281	-0.01598	-0.003245	0	-0.004228	0	-0.00267	-0.00269	-0.001847	-0.003674	-0.002696	-0.002208	-0.004773	-0.02104	-0.007562	-0.004015	-0.0002595	-0.00005492	-0.0000673	-0.000006029	-0.0004209	-0.001748	-0.0009527	-0.00008383	-0.001189	-0.000267	-0.0003083	-0.000002463	-6.163E-07	-0.000005109	-0.0002037	-0.0002446	-0.0009977	-0.0008871	-0.0001938	-0.000006165	-0.000001967	-0.00001391	-0.0001439	-0.00006119	-0.00001034	-0.00008596	-0.0001515	-9.412E-07	-0.00009269	-0.00004401	-2.013E-08	-1.844E-07	-0.000006225	0	0	-0.00148	0
FIN	-0.00003953	-0.00001037	-0.00001784	-0.00000325	0	0.000006504	0	-0.0002014	0.00004822	8.788E-07	0	-0.0002504	0	-0.0001923	-0.00008223	-0.0001643	-0.0000805	-0.0001079	-0.0001642	-0.000104	-0.00002516	-0.0002045	-0.00005906	-1.834E-07	-6.465E-07	-0.000002433	-8.035E-07	-0.0000562	-0.0001364	-0.0002424	-0.000006135	-0.0002189	-0.00001352	-0.00001482	-2.059E-07	0.000000131	-1.461E-07	-0.00001051	-0.000007888	-0.000002675	-0.00001849	-7.866E-07	-3.338E-07	-3.33E-08	-2.751E-07	-3.754E-07	-2.622E-07	-4.907E-08	-0.000007845	-0.000004424	9.379E-08	0.000000158	8.978E-08	6.576E-09	1.117E-08	1.449E-08	0	0	-0.00001381	0
FRA	-0.001992	-0.003404	-0.001091	-0.005331	0	-0.007426	0	-0.002131	-0.011	-0.001713	0	-0.001352	0	-0.00112	-0.0009543	-0.0008732	-0.001856	-0.001031	-0.0008353	-0.001232	-0.005002	-0.002076	-0.0009194	-0.00004657	-0.00001003	-0.00001807	-0.000002048	-0.0001433	-0.0005038	-0.0004414	-0.00002495	-0.0006224	-0.00009011	-0.00008765	-6.057E-07	-4.862E-08	-0.000001005	-0.00006477	-0.00005979	-0.0001357	-0.0001956	-0.00002306	-0.000001367	-1.922E-07	-0.000002015	-0.00001828	-0.000008837	-7.967E-07	-0.00002991	-0.00004819	-2.857E-07	-0.00001492	-0.000005309	-8.659E-09	-7.422E-08	-0.000002083	0	0	-0.0006831	0
GBR	-0.002145	-0.002557	-0.002006	-0.003885	0	-0.00557	0	-0.003061	-0.007142	-0.002213	0	-0.001927	0	-0.001585	-0.001676	-0.001236	-0.002067	-0.001592	-0.001365	-0.001382	-0.00382	-0.002687	-0.0008369	-0.00003219	-0.00000766	-0.000008347	-9.749E-07	-0.0002608	-0.0006241	-0.001069	-0.00004187	-0.001307	-0.0001234	-0.0001239	-1.425E-07	-3.875E-08	2.055E-08	-0.00008305	-0.00006779	-0.0001318	-0.0001628	-0.00001876	-5.822E-07	-0.000000287	-0.000001792	-0.00001839	-0.00000873	-0.000000997	-0.00006419	-0.0000685	1.177E-07	-0.0000122	-0.000005824	1.149E-08	9.916E-08	9.784E-07	0	0	-0.0004727	0
GRC	-0.0001477	-0.0001915	-0.00002236	-0.0002278	0	-0.00004228	0	-0.007754	-0.0008442	-0.00004489	0	-0.003679	0	-0.0006547	-0.00008026	-0.00008326	-0.0002841	-0.00008299	-0.0003351	-0.005821	-0.002595	-0.01001	-0.003924	-0.0001197	-0.00004315	-0.00005676	-0.00000578	-0.0000834	-0.0003988	-0.0001651	-0.00002072	-0.0002139	-0.00004593	-0.00004976	-0.000002107	-4.462E-07	-0.000004254	-0.00003336	-0.00006233	-0.0001846	-0.0003765	-0.0001358	-0.000004879	-6.076E-07	-0.000005007	-0.00005443	-0.00001713	-0.000004652	-0.00001681	-0.00003714	-9.762E-07	-0.000024	-0.000009578	-0.000000017	-1.784E-07	-0.000004037	0	0	-0.0002212	0
ITA	-0.004314	-0.001763	-0.0004136	-0.001943	0	-0.001848	0	-0.004918	-0.02373	-0.001797	0	-0.002024	0	-0.001794	-0.001776	-0.0008218	-0.004339	-0.001483	-0.001253	-0.002243	-0.01048	-0.004615	-0.001938	-0.0001166	-0.0000285	-0.00004043	-0.000004247	-0.0001761	-0.0007029	-0.000381	-0.00003525	-0.0006523	-0.0001237	-0.0001361	-0.00000158	-3.599E-07	-0.000002887	-0.0001039	-0.0001062	-0.0002777	-0.0003791	-0.00008905	-0.0000035	-8.609E-07	-0.000006275	-0.00006484	-0.00002415	-0.000004667	-0.00003749	-0.00006892	-7.542E-07	-0.00003476	-0.00001232	-3.066E-08	-1.395E-07	-0.000004259	0	0	-0.001118	0
RFA	-0.002388	-0.001768	-0.0007817	-0.001419	0	-0.00204	0	-0.00298	-0.007378	-0.001694	0	-0.001806	0	-0.001593	-0.001544	-0.001079	-0.002429	-0.001269	-0.001183	-0.001392	-0.002815	-0.003158	-0.0009457	-0.00004421	-0.000009806	-0.00001032	-0.000001286	-0.0001641	-0.0004977	-0.0005752	-0.00002557	-0.0008515	-0.00009143	-0.00008539	-0.00000036	-6.273E-08	-7.087E-07	-0.00007049	-0.00005621	-0.00004048	-0.0001641	-0.00001634	-9.435E-07	-1.506E-07	-9.395E-07	-0.000007831	-0.000004231	-6.005E-07	-0.00002445	-0.00004706	6.626E-08	-0.000009349	-0.000002353	-2.615E-09	-6.232E-09	-1.274E-07	0	0	-0.0003172	0
SWE	-0.0001991	-0.00009223	-0.00009245	-0.00008446	0	-0.00002516	0	-0.0004072	-0.0002107	-0.0001059	0	-0.0002802	0	-0.0002242	-0.000182	-0.0001765	-0.0002097	-0.0002008	-0.0001755	-0.0001447	-0.0001522	-0.0003228	-0.00006894	-0.000001016	-0.000000249	-1.662E-07	-8.008E-07	-0.00003429	-0.00008066	-0.0001381	-0.000004271	-0.0001495	-0.000003377	-0.000001955	-2.832E-07	1.403E-07	-7.008E-07	0.000001002	-0.000005867	-0.000007255	-0.00001474	-0.00000082	-0.000001148	-2.51E-08	-1.914E-07	-5.121E-07	-7.451E-07	-6.702E-08	-0.000005675	-0.000008768	-1.704E-08	-5.039E-07	-4.656E-07	-6.42E-09	-0.000000017	-3.628E-07	0	0	-0.0000192	0
TUR	-0.00005088	-0.00003038	-0.00003388	-0.0001054	0	0.00004124	0	-0.002815	-0.000165	-0.0000162	0	-0.0233	0	-0.0008121	-0.00003115	-0.00006834	-0.0002453	-0.00004266	-0.0005961	-0.04288	-0.0005738	-0.02745	-0.02616	-0.0001785	-0.0001012	-0.0001525	-0.00001238	-0.0003785	-0.002235	-0.001317	-0.00008504	-0.0008093	-0.0002845	-0.0002866	-0.000005469	-0.000001934	-0.00001176	-0.0002221	-0.0002686	-0.0007331	-0.001891	-0.0005455	-0.00001479	-0.000002072	-0.00001563	-0.0001444	-0.00005788	-0.00001435	-0.00005849	-0.0001249	-0.000002921	-0.00006711	-0.00002942	-9.098E-08	-5.208E-07	-0.00001458	0	0	-0.0009273	0
NOR	-0.0006609	-0.0006118	-0.0002612	-0.0004449	0	-0.0004303	0	-0.00172	-0.001658	-0.0003533	0	-0.001352	0	-0.001053	-0.0004805	-0.0003834	-0.0007491	-0.0004819	-0.0007607	-0.0007545	-0.0008003	-0.001526	-0.000349	-0.000006781	-0.000001379	0.000005281	-3.103E-07	-0.0001913	-0.0004352	-0.000679	-0.00002715	-0.0007114	-0.00004812	-0.00005884	-2.536E-07	5.224E-08	-1.371E-07	-0.00003483	-0.00003432	-0.00004661	-0.00006409	-0.000003483	-0.000001228	-1.886E-07	-6.439E-07	-0.000004852	-0.000003509	-2.797E-07	-0.00003264	-0.0000288	8.147E-09	-0.000002575	-0.000001552	1.039E-08	8.854E-09	-1.154E-07	0	0	-0.000117	0
BGR	-0.0004067	-0.0002961	-0.00007096	-0.0003498	0	-0.0001031	0	-0.0201	-0.0008409	-0.0001059	0	-0.008976	0	-0.00398	-0.0004435	-0.0004058	-0.001082	-0.0004958	-0.001948	-0.008849	-0.002796	-0.02144	-0.004137	-0.0001703	-0.00005949	-0.00007496	-0.000007121	-0.000195	-0.0007286	-0.0005682	-0.00003886	-0.001113	-0.0001404	-0.0001327	-0.000003157	-6.532E-07	-0.000006501	-0.0001137	-0.0001212	-0.0001587	-0.000449	-0.0001145	-0.000008017	-4.964E-07	-0.000004173	-0.00005344	-0.00001525	-0.000002752	-0.00003339	-0.00006115	-9.074E-07	-0.00002798	-0.000008673	-4.708E-08	-1.204E-07	-0.000001375	0	0	-0.0003043	0
HUN	-0.001126	-0.0002584	-0.0001586	-0.0006355	0	-0.00009792	0	-0.004393	-0.002549	-0.0002426	0	-0.00214	0	-0.002303	-0.001973	-0.0009682	-0.002004	-0.001314	-0.001718	-0.001807	-0.001933	-0.003797	-0.001151	-0.0000488	-0.00001388	-0.000016	-0.000001842	-0.0001771	-0.0005145	-0.0005392	-0.00002694	-0.0009492	-0.0001175	-0.0001035	-7.029E-07	-4.93E-08	-0.00000102	-0.00009439	-0.0000723	-0.00004744	-0.0001699	-0.00002325	-0.000002031	-1.996E-07	-0.000001227	-0.000009015	-0.000004472	-8.943E-07	-0.00002534	-0.00003522	1.366E-07	-0.00000914	-0.000002572	-7.883E-09	-8.163E-09	-2.242E-09	0	0	-0.0001832	0
POL	-0.006313	-0.02725	-0.00119	0.0003321	0	0.003842	0	-0.1469	0.007108	-0.04173	0	-0.008006	0	-0.04886	0.0007129	-0.00317	-0.007571	-0.004427	-0.04237	-0.005945	-0.001621	-0.0106	-0.00286	-0.00006566	-0.00002101	-0.00002464	-0.000002378	-0.0007803	-0.002038	-0.002768	-0.0001028	-0.008787	-0.0004088	-0.000396	-0.000001149	-2.263E-07	-0.000001752	-0.0003378	-0.0002367	-0.00009181	-0.0004695	-0.00004343	-0.000003025	-2.276E-07	-0.000001915	-0.00001692	-0.000009969	-0.000001388	-0.00009995	-0.000115	-2.594E-07	-0.00001947	-0.000005167	-3.686E-09	-3.381E-08	-7.969E-07	0	0	0.0003648	0
RCEU	-0.001852	-0.0005159	-0.0001415	-0.0008349	0	-0.0002221	0	-0.0182	-0.004928	-0.0003913	0	-0.006192	0	-0.004363	-0.00221	-0.001085	-0.003624	-0.001631	-0.002479	-0.005718	-0.005968	-0.01369	-0.003733	-0.0001905	-0.00005053	-0.00006527	-0.000005339	-0.0003058	-0.001054	-0.0009076	-0.000057	-0.001661	-0.0002197	-0.0002012	-0.000002671	-0.000000504	-0.000005658	-0.000184	-0.0001697	-0.0002203	-0.0005461	-0.0001072	-0.000007382	-4.027E-07	-0.000004621	-0.00005216	-0.0000199	-0.000002603	-0.00004564	-0.00006151	-0.000001161	-0.00003251	-0.000009518	-3.331E-08	-1.459E-07	-0.000002598	0	0	-0.0004198	0
RCZ	-0.001306	-0.0003306	-0.0002229	-0.0005273	0	-0.0001784	0	-0.002814	-0.003424	-0.0004978	0	-0.00163	0	-0.001429	-0.001317	-0.0008279	-0.001721	-0.0009579	-0.001105	-0.001274	-0.001505	-0.002676	-0.0007594	-0.0000291	-0.000008012	-0.00001019	-0.000001298	-0.0001367	-0.0003891	-0.0004335	-0.00002022	-0.0007046	-0.00007732	-0.00007372	-5.931E-07	5.834E-08	-8.467E-07	-0.00006542	-0.00004754	-0.00002601	-0.0001183	-0.00001198	-0.00000133	-7.702E-08	-8.793E-07	-0.000006466	-0.000002617	-3.325E-07	-0.00002433	-0.00002885	7.545E-08	-0.000005927	-0.000001615	2.568E-09	4.592E-09	0.000000381	0	0	-0.000172	0
ROM	-0.0005431	-0.0001694	-0.00008636	-0.0002489	0	-0.00004456	0	-0.005909	-0.0006769	-0.0001557	0	-0.004322	0	-0.004355	-0.0014	-0.0008435	-0.001033	-0.001081	-0.003227	-0.003648	-0.001183	-0.008281	-0.001865	-0.00003361	-0.00001748	-0.00001732	-0.000001746	-0.0001719	-0.0005255	-0.00057	-0.00002799	-0.001557	-0.0001325	-0.0001179	-7.314E-07	9.721E-09	-0.000001105	-0.0001052	-0.00007974	-0.00005641	-0.000225	-0.00004328	-0.000002222	-1.603E-07	-0.000001182	-0.00001382	-0.000005157	-9.139E-07	-0.00002544	-0.00003201	-4.906E-07	-0.00001029	-0.000003067	-5.233E-09	-7.168E-08	-0.000002054	0	0	-0.0001457	0
MEME	-0.00003883	-0.00002312	-0.00002838	-0.0001079	0	0.00002845	0	-0.00008414	-0.0000888	-0.00001216	0	-0.001487	0	-0.00005055	-0.00002317	-0.00001843	-0.00006697	-0.00001831	-0.00004236	-0.005325	-0.0001958	-0.002199	-0.01211	-0.00008852	-0.00008683	-0.0000909	-0.000007196	-0.0001317	-0.0008567	-0.0001609	-0.0000426	-0.00003473	-0.00008935	-0.0001279	-0.000003442	-0.000001082	-0.000006753	-0.00008279	-0.0001416	-0.0006742	-0.001131	-0.0004786	-0.00001112	-0.000002406	-0.00001686	-0.0001127	-0.00005216	-0.00002137	-0.00001964	-0.00004011	-0.000001765	-0.00005116	-0.00003152	-3.824E-08	-3.064E-07	-0.000008351	0	0	-0.000471	0
NOA	-0.0005305	-0.0003409	-0.0001109	-0.00227	0	-0.0002856	0	-0.002453	-0.003084	-0.0002506	0	-0.001424	0	-0.0007057	-0.0003945	-0.0002081	-0.0008786	-0.0002547	-0.0004339	-0.002892	-0.009023	-0.00308	-0.00305	-0.000403	-0.00007662	-0.0001247	-0.00001044	-0.0001498	-0.0007739	-0.0002513	-0.00003927	-0.000204	-0.0001332	-0.0001889	-0.000004895	-0.000002444	-0.0000081	-0.00009099	-0.0001377	-0.0007467	-0.0005947	-0.0001856	-0.00001096	-0.000002111	-0.00001522	-0.0001543	-0.00005459	-0.000009356	-0.00003779	-0.00009016	-0.000002697	-0.00008119	-0.00003204	-3.297E-08	-2.964E-07	-0.000009487	0	0	-0.0006704	0
EGY	-0.00001841	-0.00004805	-0.00001457	-0.00008737	0	-0.00008924	0	-0.00003483	-0.00004741	-0.00001538	0	-0.0003034	0	-0.00001596	-0.00001041	-0.00000753	-0.00002979	-0.000008709	-0.00001555	-0.0006101	-0.0001845	-0.00342	-0.002465	-0.0001936	-0.0001102	-0.0000619	-0.00000573	-0.00005715	-0.0002928	-0.0000372	-0.00002147	-0.000008523	-0.00004238	-0.00007401	-0.000002356	-8.747E-07	-0.000005412	-0.00004421	-0.00007504	-0.0004486	-0.0003414	-0.0001719	-0.000009502	-0.000002475	-0.00001333	-0.00008762	-0.00003797	-0.0000146	-0.000008565	-0.00002726	-0.00000162	-0.00003479	-0.0000233	-3.221E-08	-2.366E-07	-0.000006951	0	0	-0.0004197	0
GOLF	-0.0001699	-0.000181	-0.0001033	-0.0007217	0	-0.0001594	0	-0.0005073	-0.0003087	-0.00009808	0	-0.006252	0	-0.0001485	-0.00009031	-0.00005863	-0.0003127	-0.00006348	-0.0001105	-0.007132	-0.001118	-0.002253	-0.03625	-0.0003886	-0.0005665	-0.0005254	-0.00005306	-0.0006842	-0.00532	-0.0009712	-0.0002188	-0.0001374	-0.0004431	-0.0006374	-0.00002007	-0.000007854	-0.00004532	-0.0003486	-0.0007837	-0.005374	-0.009515	-0.005675	-0.00008008	-0.00003325	-0.0001653	-0.001264	-0.0006202	-0.0004731	-0.0001152	-0.000237	-0.0000136	-0.0003873	-0.0002497	-0.000000351	-0.000002294	-0.00006549	0	0	-0.007512	0
WAF	-0.00004877	-0.00000539	-0.0000184	-0.0003063	0	0.0001668	0	-0.00008739	-0.00006597	-0.00002336	0	-0.0002156	0	-0.00005895	-0.00003701	-0.00002794	-0.00005003	-0.00002891	-0.00003893	-0.0004717	-0.0005956	-0.0003818	-0.0006543	-0.0007914	-0.0001713	-0.0005945	-0.00006329	-0.00002445	-0.0001726	-0.00004511	-0.000009799	-0.00003666	-0.00001528	-0.00002792	-0.00001064	-0.000008787	-0.00001959	-0.00001003	-0.00003649	-0.0004732	-0.0001804	-0.0001208	-0.00002773	-0.000004611	-0.00002019	-0.0001512	-0.0000392	-0.00002102	-0.000004347	-0.00004466	-0.00001114	-0.00005374	-0.00004243	-1.599E-07	-6.912E-07	-0.00002434	0	0	-0.002233	0
EAF	0.00002669	0.0001526	-0.000008497	-0.00002572	0	0.0003877	0	0.000009257	0.00009367	0.00002101	0	-0.00003505	0	-0.000003784	0.00002033	0.000009494	0.00001121	0.00001757	-0.000005116	-0.00006003	-0.00002907	-0.00005212	-0.0002032	-0.0009418	-0.007227	-0.01399	-0.0006199	-0.000006539	-0.00003416	-0.000009992	-0.000001632	-0.00001746	0.000009804	0.00001115	-0.00004254	-0.00003443	-0.00005653	0.00001236	-0.000006607	0.0002273	-0.00005705	-0.00007432	-0.00006536	0.000008459	0.000006576	-0.00001954	0.0001229	-0.00001229	-2.975E-07	0.00001066	-0.00003922	0.00002074	0.00002252	-9.907E-07	-0.000002168	-0.00004891	0	0	-0.002793	0
SAF	-0.000009459	0.00004992	-0.00001037	-0.00008352	0	0.0001955	0	0.000006314	0.000004598	0.000006867	0	-0.00002081	0	-0.00002208	-0.000008817	-0.000009813	-0.000005621	-0.000007669	-0.00001382	-0.00001021	-0.00003522	-0.00004561	-0.00001834	-0.001701	-0.009178	-0.06052	-0.003577	-0.000001143	-0.000004099	-0.00000276	-8.005E-07	-0.000008848	0.000007874	0.000008584	-0.0001073	-0.0002113	-0.0001718	0.000004257	-4.312E-07	0.000007276	6.916E-07	2.985E-07	-0.0001605	1.423E-07	-0.000007977	0.000005942	0.000003169	2.935E-07	0.000005073	0.0000412	-0.00006974	0.00002005	0.00000279	-0.000002377	-0.000004639	-0.0001032	0	0	-0.003888	0
RSA	-0.000001697	0.000007563	0.00000521	0.000005055	0	0.0001461	0	0.00002745	-0.00002296	0.000007663	0	0.00001386	0	0.00002592	4.653E-07	0.000001701	-0.000000852	6.458E-07	0.00001282	0.000004059	-0.000006915	0.00001022	-0.000002999	-0.0001161	-0.001254	-0.0119	-0.02091	-0.000001179	-0.000001113	-0.000003043	-3.391E-07	4.666E-07	0.000001176	0.00000081	-0.00009591	-0.0001487	-0.0001248	0.000000522	1.565E-07	-0.000004089	0.000001451	4.203E-08	-0.00008791	-9.218E-08	-0.000004002	0.000001863	8.633E-07	-7.222E-08	0.000004811	0.000005591	-0.00001536	0.000001709	-6.156E-07	-0.000001543	-0.000003446	-0.00003141	0	0	-0.0006508	0
KAZ	-0.0001245	-0.0001468	-0.00008469	-0.0003163	0	-0.0002219	0	-0.0005458	-0.0001799	-0.00005812	0	-0.001388	0	-0.0004598	-0.0002214	-0.0002741	-0.0002258	-0.0002142	-0.0003935	-0.0008466	-0.0001826	-0.0008079	-0.002244	-0.000004096	-0.000002509	-0.000008937	-7.601E-07	-0.003173	-0.007237	-0.002201	-0.0007434	-0.001248	-0.0008143	-0.0008939	-2.311E-07	-1.872E-07	-3.755E-07	-0.00115	-0.0009958	-0.0006622	-0.00168	-0.0001096	-3.668E-07	-2.806E-07	-0.00000359	-0.00004005	-0.00004163	-0.000001739	-0.0001712	-0.000173	-2.484E-07	-0.00003644	-0.00001227	-1.193E-08	-3.508E-08	-0.000001574	0	0	-0.0004443	0
RIS	-0.00006099	-0.0001207	-0.00001603	-0.0001667	0	-0.0002048	0	-0.0001175	-0.0001168	-0.00002427	0	-0.0003113	0	-0.00006216	-0.00005285	-0.00003481	-0.00005481	-0.0000488	-0.00003198	-0.0002149	-0.0001176	-0.0001739	-0.0007386	-0.000002679	-0.000003005	-0.000006933	-4.186E-07	-0.0005886	-0.005691	-0.0001664	-0.0000778	-0.00003254	-0.00005508	-0.00009085	6.546E-08	-3.212E-08	1.387E-08	-0.0000671	-0.0001603	-0.0003529	-0.001025	-0.0001008	2.067E-07	-3.338E-07	-0.000002552	-0.00001552	-0.00001995	-0.000002569	-0.00001515	-0.00002044	-5.506E-07	-0.00002236	-0.000009009	-1.025E-08	-7.989E-08	-0.000002187	0	0	-0.0001003	0
RUS	-0.0008557	-0.0004674	-0.000234	-0.0005852	0	-0.0006963	0	-0.01075	-0.00101	-0.0002932	0	-0.02726	0	-0.0129	-0.001948	-0.003001	-0.001871	-0.001931	-0.01073	-0.01512	-0.0009319	-0.01647	-0.008665	-0.00002257	-0.00001682	-0.0000372	-0.000003387	-0.00714	-0.01442	-0.01886	0.00004797	-0.01612	-0.0009335	-0.003492	-0.000001331	-4.071E-07	-0.000002886	-0.0002721	-0.001083	-0.000367	-0.002957	-0.0001447	-0.000002125	-4.927E-07	-0.000003438	-0.00003482	-0.00002928	-0.000003753	-0.0003794	-0.0003753	-0.000001101	-0.00005211	-0.000013	-2.853E-08	-2.018E-07	-0.00000615	0	0	-0.002033	0
RUE	-0.0002915	-0.0003117	-0.0001518	-0.0005656	0	-0.000447	0	-0.0006201	-0.0003853	-0.0001265	0	-0.001243	0	-0.0006953	-0.0004558	-0.0005087	-0.0003815	-0.0004343	-0.0006806	-0.0007028	-0.0002964	-0.0009476	-0.001014	-0.000003464	-0.000001441	-0.000002434	2.695E-07	-0.002861	-0.004338	-0.002464	-0.0009159	-0.001413	-0.002147	-0.003103	4.659E-07	1.214E-07	6.098E-07	-0.002684	-0.001059	-0.001204	-0.0006989	-0.0000362	9.452E-07	-9.717E-07	-0.000006527	-0.00006709	-0.00005299	-0.000002488	-0.0003384	-0.000284	-3.434E-07	-0.00004844	-0.00003028	6.017E-09	-4.279E-08	-0.000001751	0	0	-0.0006178	0
UKR	-0.001316	-0.0004739	-0.0001381	-0.0004128	0	-0.0004623	0	-0.01625	-0.001423	-0.0003385	0	-0.0162	0	-0.01401	-0.002665	-0.003469	-0.002058	-0.002571	-0.01067	-0.01168	-0.001245	-0.01674	-0.005249	-0.00003854	-0.00002222	-0.00002745	-0.00000131	-0.002214	-0.005241	-0.006031	-0.0003216	-0.01071	-0.00058	-0.0007062	-8.297E-07	-1.494E-07	-8.327E-07	-0.0007813	-0.0006559	-0.0001206	-0.001259	-0.000111	-0.000001767	-4.261E-07	-0.000003145	-0.00003259	-0.00001401	-0.00000212	-0.0002079	-0.0002078	-6.859E-07	-0.00003349	-0.000007645	-8.916E-09	-8.328E-08	-0.000003125	0	0	-0.0008962	0
COR	-0.00002898	-0.0001206	-0.0000233	-0.0001244	0	-0.0003634	0	0.000001688	-0.00007125	-0.00003734	0	-0.00001375	0	-5.835E-07	-0.00001423	-0.00001039	-0.00002684	-0.00001373	-0.000009463	-0.00004237	-0.00005313	-0.000004624	-0.00004117	-0.000001063	3.992E-07	-0.000001217	-2.549E-07	-0.00001306	-0.00003894	-0.0000172	-0.0008099	-0.00001611	-0.01277	-0.005745	-2.714E-07	-1.265E-07	-7.419E-07	-0.01831	-0.002034	-0.001277	-0.00002295	-0.00001488	-0.000001431	-0.000009765	-0.00001142	-0.0002608	-0.00003497	-0.00002697	-0.00007536	-0.0001076	3.343E-07	-0.00003119	-0.00001637	-1.977E-08	2.702E-08	9.008E-07	0	0	-0.0008441	0
JPN	-0.00003474	-0.000139	-0.00002404	-0.0001055	0	-0.0003208	0	-0.00002972	-0.00006551	-0.00004942	0	-0.00001958	0	-0.00001349	-0.00001514	-0.00001071	-0.00002757	-0.00001441	-0.00001302	-0.00004582	-0.00006148	-0.00001692	-0.0000446	-0.000001426	-5.855E-07	-0.000002434	-3.535E-07	-0.00001275	-0.00003678	-0.00001808	-0.0001084	-0.00001483	-0.00168	-0.01466	-9.258E-08	2.615E-08	-5.409E-07	-0.001132	-0.0003278	-0.0006801	-0.00002017	-0.000009064	-0.000001324	-0.000001969	-0.000006283	-0.0001244	-0.00002009	-0.00000535	-0.00006952	-0.0001063	-2.305E-08	-0.00003575	-0.0000238	-2.439E-08	-4.017E-08	-0.000001213	0	0	-0.0003068	0
AUS	-0.00002828	-0.0000608	0.000006784	-0.00003244	0	-0.00006706	0	-0.00005849	-0.00005497	-0.000007626	0	-0.0000155	0	-0.0000254	-0.00002964	-0.00001604	-0.00002547	-0.00002248	-0.00001617	-0.00002015	-0.00004962	-0.00002217	-0.00002305	-0.000002058	-0.0000483	-0.0002914	-0.00006142	-0.000004233	-0.0000137	-0.000007556	-0.000001489	-0.000006095	-0.00001731	-0.00002147	-0.0004895	-0.0001055	-0.0002734	-0.00002012	-0.00000716	-0.00001197	-0.000005175	2.434E-07	-0.0006148	-1.618E-07	-0.0003503	-0.00000797	-0.00000103	-2.461E-07	-0.000004966	-0.000005955	-0.00001298	-0.000002287	-0.0000029	-0.000001678	-0.000004407	-0.00005054	0	0	-0.0001981	0
NZL	6.178E-07	0.000001684	-1.269E-07	0.000001821	0	0.000005271	0	7.944E-07	9.423E-07	1.925E-07	0	1.266E-07	0	4.979E-07	6.425E-07	3.674E-07	4.266E-07	5.253E-07	2.983E-07	1.469E-07	6.957E-07	1.785E-07	2.223E-07	-3.297E-08	-0.000001828	-0.00001035	-0.000003486	3.313E-08	1.441E-07	8.423E-08	1.373E-08	-1.807E-08	4.012E-07	2.932E-07	-0.000003284	-0.0000126	-0.000002288	0.000000387	7.552E-08	-4.529E-08	6.948E-08	1.953E-08	-0.000001049	-1.278E-11	5.955E-10	3.284E-08	4.393E-09	-4.023E-10	3.881E-08	2.816E-08	-4.204E-07	2.791E-08	-0.000000011	-8.198E-08	-1.368E-07	-0.000001204	0	0	-0.000001831	0
PAC	-0.00000231	0.00000135	-0.000001246	-0.000003539	0	0.000002561	0	-0.0000046	-0.000003538	-2.601E-07	0	-0.000005733	0	-0.000003213	-0.000001644	-0.000001517	-0.000002508	-0.000001363	-0.000002185	-0.00000713	-0.000005944	-0.000008101	-0.00000753	-0.00000075	-0.000009585	-0.00006446	-0.000009397	-0.000001279	-0.000005169	-0.000001224	-4.859E-07	-0.00000134	0.000001664	4.176E-07	-0.000009687	-0.000002786	-0.00001363	-6.737E-07	-0.000003156	-0.00002474	-0.000003839	-9.481E-07	-0.00006822	-3.547E-07	-0.0001153	-0.000007934	-0.000003654	-5.424E-07	-0.000001155	-0.00000122	-0.00000384	-0.000004641	-0.000004359	-3.261E-07	-0.000001211	-0.00002002	0	0	-0.00002175	0
MON	0.000003585	0.00001293	-0.000008397	-0.000038	0	0.0000712	0	-0.00002173	0.00001183	-0.000008056	0	-0.0000142	0	-0.000009785	0.000003647	0.000005341	-0.00001013	0.000006612	-0.000006744	-0.00001911	-0.00003762	-0.00001074	-0.00001586	-6.951E-07	3.437E-07	0.000004826	5.397E-07	-0.00001047	-0.00002211	-0.000008939	-0.0004854	-0.000007618	-0.002448	-0.00152	-4.909E-08	-7.354E-08	-5.129E-07	-0.00719	-0.0007345	-0.0007888	-0.000008822	-0.000004646	-0.000001287	-0.000003783	-0.000009537	-0.0001046	-0.00005051	-0.000008775	-0.00003712	-0.00005008	2.753E-07	-0.00001828	-0.00001013	-1.695E-08	3.893E-08	0.000001023	0	0	-0.0002504	0
CHN	-0.0003443	-0.0005932	-0.0003282	-0.001436	0	-0.0008798	0	-0.000504	-0.0006541	-0.0002515	0	-0.0006094	0	-0.0002856	-0.0002246	-0.0001616	-0.0004594	-0.0001783	-0.000227	-0.001254	-0.001079	-0.0008436	-0.001331	-0.00003457	-0.00002193	-0.00008796	-0.000008112	-0.0002683	-0.0007265	-0.0002277	-0.004402	-0.0001577	-0.03596	-0.02478	-0.000005542	-0.000002487	-0.00001164	-0.08214	-0.06459	-0.03856	-0.0006857	-0.0004154	-0.0002656	-0.000518	-0.001175	-0.003198	-0.008216	-0.0009783	-0.001152	-0.001649	-0.000002043	-0.0007088	-0.0003231	-1.824E-07	-0.000000892	-0.00002083	0	0	-0.009491	0
TWN	0.000008818	-0.00003508	-8.224E-07	-0.00006714	0	-0.0002885	0	0.00001817	-0.000002184	-0.00001221	0	0.000006378	0	0.00001625	0.000009679	0.00001004	-6.558E-07	0.0000102	0.000006031	-0.00001567	-0.00001988	0.00001899	-0.00002721	-9.703E-07	-8.461E-07	-0.000008653	-9.448E-07	-0.000006355	-0.00001889	-0.000001045	-0.00001375	1.891E-07	-0.001691	-0.0005707	-3.407E-07	-1.848E-07	-9.466E-07	-0.001993	-0.0004809	-0.006614	-0.00001617	-0.00001002	-0.00001717	-0.00001829	-0.00006046	-0.0001716	-0.000205	-0.00001766	-0.00001552	-0.00002754	3.738E-08	-0.00001783	-0.00001284	-3.973E-08	-7.192E-09	1.309E-07	0	0	-0.0002213	0
RSAS	-0.000004928	-0.000006996	-0.000003026	-0.00002095	0	-0.00001186	0	-0.000009623	-0.000009918	-0.000003267	0	-0.00001647	0	-0.000005159	-0.000003092	-0.000002022	-0.0000068	-0.000002292	-0.000003616	-0.00003467	-0.00002384	-0.00002433	-0.0001574	-0.000001288	-0.000001865	-0.000006473	-4.079E-07	-0.000002128	-0.0000617	-0.00000375	-0.000002084	-0.000002307	-0.00002663	-0.0000337	-0.000000316	-1.196E-07	-6.449E-07	-0.00001593	-0.0000262	-0.0001033	-0.003503	-0.0004618	-0.000001485	-9.745E-07	-0.000002304	-0.00001351	-0.000004444	-0.00005299	-0.000007241	-0.00001493	-2.121E-07	-0.00001596	-0.000007155	-5.859E-09	-4.135E-08	-0.00000126	0	0	-0.0001694	0
NDE	-0.00001209	0.000006734	0.00001319	0.000003675	0	0.00007967	0	-0.00003673	0.000006438	0.000005603	0	-0.0001764	0	-0.00002763	-0.00001214	0.000005384	-0.00004174	2.256E-07	-0.00001824	-0.0004617	-0.0002559	-0.0002032	-0.001483	-0.00007666	-0.0001439	-0.00007514	-0.00001269	-0.00004651	-0.0003271	-0.00003288	-0.00002023	-0.00001237	0.00001094	-0.0000377	-0.000002955	-0.000001214	-0.000006565	0.00001418	-0.0002416	-0.005035	-0.01179	-0.01802	-0.0002274	-0.0002705	-0.0003072	-0.0008307	-0.001312	-0.001953	-0.0000147	-0.00002814	-0.000001278	-0.000156	-0.0001475	-7.694E-08	-2.594E-07	-0.000006785	0	0	-0.01965	0
IDN	-0.000008106	-0.00006636	-0.000006559	-0.00003341	0	-0.0002035	0	0.00001004	-0.00001619	-0.00002091	0	-5.726E-07	0	0.000006375	-0.000001995	-0.000002673	2.326E-07	-0.000003839	0.000001289	-0.000007537	-0.00001299	0.000009193	-0.0000176	-0.000005243	-0.0000754	-0.0004542	-0.00004722	-0.000002472	-0.000009128	-0.00000457	-1.831E-07	-0.000002365	0.00007187	0.00001744	-0.00002893	-0.00001649	-0.0002043	0.00005097	0.00004314	-0.00007736	-0.00001112	-0.000009845	-0.003274	-0.00009603	-0.01266	-0.0002695	-0.00002153	-0.000005717	-0.000003347	-0.00001365	-0.00001382	-0.000005303	-0.00001029	-0.000001181	-0.000004745	-0.00007635	0	0	-0.0002619	0
THA	-0.00002703	-0.00004598	0.00000346	-0.0001398	0	-0.00006587	0	-0.00005285	-0.00003814	-0.00001022	0	-0.0001485	0	-0.0000274	-0.00001866	-0.000007991	-0.00003455	-0.00001164	-0.00001655	-0.0003311	-0.000249	-0.0002122	-0.0004977	-0.00002706	-0.00006661	-0.0003135	-0.00002174	-0.00002889	-0.0001669	-0.00002572	-0.00003224	-0.000006746	-0.0004224	-0.0006265	-0.00001756	-0.000006562	-0.00002359	-0.0003561	-0.001213	-0.01018	-0.0003266	-0.0008631	-0.0003298	-0.003306	-0.003028	-0.001098	-0.005647	-0.001533	-0.00003728	-0.00009694	-0.00001199	-0.0002187	-0.0001859	-4.052E-07	-0.00000236	-0.00006969	0	0	-0.002748	0
MYS	-5.317E-08	-2.254E-07	1.316E-07	-4.868E-07	0	-7.043E-07	0	7.627E-08	-1.759E-07	5.621E-08	0	-5.67E-08	0	7.504E-08	-7.035E-09	1.366E-08	-6.961E-08	4.219E-09	6.821E-08	-6.168E-07	-0.000001162	-4.094E-07	-0.000001603	-3.502E-07	-0.000002729	-0.00001417	-0.000001157	-7.767E-08	-6.616E-07	1.161E-07	-1.126E-07	1.253E-07	-0.000001206	-0.000003465	-8.746E-07	-3.821E-07	-0.000001071	-0.000001533	-0.0000035	-0.00001163	-0.000001089	-0.00000147	-0.0001684	-0.00003086	-0.001754	-0.000009732	-0.000004753	-6.743E-07	2.754E-07	8.598E-08	-5.514E-07	-0.000001219	-0.000001533	-2.674E-08	-1.379E-07	-0.000003126	0	0	-0.000009305	0
PHL	-0.00003883	-0.00007518	-0.000006032	-0.0001483	0	-0.0001453	0	-0.00008108	-0.00007065	-0.000017	0	-0.000152	0	-0.00004521	-0.00003074	-0.0000216	-0.00003742	-0.00002524	-0.00002895	-0.0002728	-0.000208	-0.0002186	-0.0003646	-0.00002639	-0.000137	-0.0007462	-0.0000561	-0.00002754	-0.0001595	-0.00003747	-0.00002277	-0.00002138	-0.001565	-0.0009262	-0.0000417	-0.0000166	-0.00005402	-0.0009944	-0.0002415	-0.002646	-0.0001983	-0.00003352	-0.0004993	-0.0002528	-0.001037	-0.004584	-0.00182	-0.0001331	-0.00005824	-0.0001478	-0.00003054	-0.0001976	-0.0001969	-0.000001096	-0.000006444	-0.0001753	0	0	-0.0009059	0
VNM	-6.709E-07	-0.000000494	-3.826E-08	-0.000005638	0	-0.000001543	0	-0.000002023	-5.582E-07	-1.967E-07	0	-0.000006492	0	-0.000001125	-0.000000439	-1.694E-07	-0.000001236	-2.047E-07	-6.636E-07	-0.00001468	-0.000009942	-0.000009618	-0.00002122	-0.000001003	-0.000002448	-0.00001205	-0.000000846	-0.000001302	-0.000007177	-0.000001207	-0.000001017	-4.552E-07	-0.00005764	-0.00002539	-6.673E-07	-2.574E-07	-8.952E-07	-0.00002566	-0.00008355	-0.0004961	-0.0000165	-0.00001383	-0.00001792	-0.000105	-0.00002097	-0.00004543	-0.0006355	-0.00007989	-0.000002109	-0.000005291	-4.673E-07	-0.000009677	-0.000008618	-1.595E-08	-9.454E-08	-0.000002785	0	0	-0.00007624	0
RSEA	0.000002937	0.00000337	0.000002096	-0.000006771	0	-0.000001039	0	0.000006289	0.000007102	0.000002328	0	0.000003419	0	0.000003679	0.000002373	0.000002302	0.000002355	0.000002337	0.000002868	-0.000006763	-0.00002116	0.000001399	-0.00003535	-0.000001768	-0.000001154	-0.000002002	1.609E-07	-0.000001408	-0.00001123	0.000001922	-0.000004374	0.000002328	-0.00001145	-0.00001812	-0.000000107	-3.73E-08	-0.000000187	-0.000002904	-0.0000604	-0.002535	-0.0001053	-0.0000796	-0.00003195	-0.000209	-0.00002508	-0.0002212	-0.001236	-0.0007813	8.255E-07	-0.000003332	-6.489E-08	-0.00004143	-0.00004732	-2.146E-09	-1.46E-08	-0.000001014	0	0	-0.0007105	0
CAN	-0.0009975	-0.00189	-0.001008	-0.002947	0	-0.002374	0	-0.001629	-0.001835	-0.000851	0	-0.001386	0	-0.00099	-0.0006724	-0.0004613	-0.001038	-0.0005588	-0.0007402	-0.001782	-0.001781	-0.001913	-0.001212	-0.00002627	-0.00000566	0.000004286	0.000001111	-0.0003103	-0.0008261	-0.0006943	-0.00005717	-0.000653	-0.0002234	-0.000253	-3.531E-08	3.287E-09	-5.113E-07	-0.0001598	-0.0001416	-0.0002057	-0.0002493	-0.00003324	-5.678E-07	-3.801E-07	-0.000002416	-0.00003874	-0.00001179	-0.000001556	-0.01232	-0.007363	-1.148E-07	-0.0003646	-0.0003638	-3.387E-09	1.194E-08	0.000001281	0	0	-0.002206	0
USA	-0.004933	-0.007257	-0.00342	-0.01532	0	-0.007546	0	-0.01043	-0.008962	-0.003556	0	-0.01093	0	-0.0062	-0.003676	-0.002399	-0.005766	-0.002854	-0.004416	-0.01754	-0.01461	-0.01546	-0.01462	-0.0004212	-0.000101	-0.00005117	-0.000003639	-0.002124	-0.007257	-0.004118	-0.0004013	-0.00384	-0.00181	-0.001952	-0.00000478	-0.000001298	-0.00001244	-0.001364	-0.001448	-0.002914	-0.003246	-0.0005992	-0.00001682	-0.00001008	-0.00007209	-0.000721	-0.0002108	-0.00003819	-0.06432	-0.1035	-0.000002761	-0.008916	-0.00564	-5.869E-08	-0.000000645	-0.00003321	0	0	-0.02187	0
BRA	0.00001181	0.00004276	0.000008719	-0.00004717	0	0.00002047	0	-0.000008021	0.00001076	0.00001688	0	0.00001225	0	0.000006909	0.000004616	0.000008217	-0.000002911	0.000007527	0.000008862	0.00001078	-0.00001395	0.00002326	-0.000001769	-0.00001897	-0.0003606	-0.00271	-0.0003917	-4.738E-07	0.000004414	0.000007165	1.615E-07	0.00001219	-0.000003795	-0.000009921	-0.0001727	-0.0001384	-0.0002939	-0.000006421	-0.000001185	-0.000006501	0.000003341	-5.613E-07	-0.0001847	-9.833E-08	-0.000007566	-0.000002267	0.000001208	-4.228E-07	0.000001198	0.00001144	-0.00314	3.271E-07	-0.00000102	-0.0003327	-0.0006293	-0.01551	0	0	-0.0002905	0
MEX	-0.0003303	-0.0004234	-0.0001608	-0.001011	0	-0.0004703	0	-0.0006721	-0.0007478	-0.0001936	0	-0.0008215	0	-0.000375	-0.0002281	-0.0001357	-0.0004571	-0.0001666	-0.0002573	-0.001527	-0.001553	-0.00123	-0.001911	-0.00008613	-0.00004588	-0.00009191	-0.000005515	-0.0001709	-0.0008166	-0.0002284	-0.00005903	-0.0001969	-0.0001989	-0.0002962	-0.000004924	-0.000001757	-0.000008078	-0.0001442	-0.000231	-0.00189	-0.0005694	-0.000165	-0.00001404	-0.000008558	-0.00004464	-0.0002991	-0.000136	-0.00003379	-0.001087	-0.003009	-0.000005746	-0.009968	-0.000881	-7.049E-08	-0.000001171	-0.00005452	0	0	-0.004423	0
RCAM	-0.0000643	-0.0001357	-0.00002072	-0.0002686	0	-0.0002893	0	-0.0001283	-0.0001506	-0.00002967	0	-0.0001292	0	-0.00005979	-0.00005147	-0.00003569	-0.0000715	-0.00004318	-0.00004102	-0.0002586	-0.0003135	-0.0002094	-0.0003623	-0.00001951	-0.00001067	-0.00002215	-0.000001996	-0.00002249	-0.0001229	-0.00001944	-0.000009235	-0.0000142	-0.00003128	-0.00004837	-0.000002115	-7.432E-07	-0.000004801	-0.00003025	-0.00003525	-0.0004514	-0.00009972	-0.00003523	-0.000004154	-0.000003032	-0.00001121	-0.00005419	-0.00003021	-0.000009977	-0.00006914	-0.0005912	-0.000001863	-0.001058	-0.001032	-4.033E-08	-4.843E-07	-0.00002168	0	0	-0.000942	0
CHL	0.000007501	-0.000006825	0.000002576	-0.00007636	0	-0.0001566	0	-0.000005433	0.0000183	2.114E-07	0	0.000008019	0	-0.000001795	0.000003685	0.000008876	-8.104E-07	0.000006305	0.000002595	0.000007494	-2.921E-07	0.00002277	-0.000002413	-0.000004852	-0.0001264	-0.001164	-0.0002664	-0.000001919	-0.000002286	0.0000029	-3.503E-07	0.000007228	-0.000008051	-0.000009376	-0.00005241	-0.00004685	-0.00007643	-0.000008813	-0.000002686	-9.142E-07	4.688E-07	-6.493E-07	-0.0000541	-1.958E-07	-0.000003197	-0.000001221	9.345E-07	-4.421E-07	-0.000000494	0.000004131	-0.0001353	-0.00000203	-0.000001045	-0.001941	-0.0001402	-0.0005593	0	0	-0.00008271	0
ARG	-8.365E-07	-0.000002754	-8.826E-08	-5.265E-07	0	-0.000004313	0	-0.000000444	-0.000001635	-5.656E-07	0	-2.501E-07	0	-4.597E-07	-5.701E-07	-4.358E-07	-3.099E-07	-5.439E-07	-0.00000032	-6.339E-08	-8.546E-07	-7.575E-07	-1.119E-07	-3.107E-07	-0.00001416	-0.0001034	-0.00004545	2.959E-08	4.035E-08	2.121E-08	2.86E-09	-9.515E-08	9.448E-07	7.761E-07	-0.00001045	-0.00001098	-0.00001388	6.938E-07	0.000000159	-0.000002546	4.263E-08	1.735E-08	-0.000007161	-3.545E-08	-7.319E-08	-0.000000197	-3.872E-07	-5.714E-08	2.973E-07	4.416E-07	-0.00004909	-2.48E-08	-4.297E-07	-0.0001078	-0.00036	-0.0002194	0	0	-0.00002943	0
RSAM	0.00005923	0.0001534	0.000007087	0.0000224	0	0.0002161	0	-0.00000546	0.00009918	0.00004142	0	-0.00001273	0	0.00000934	0.00003833	0.00002901	0.0000154	0.00003687	0.00001249	-0.00005383	-0.000005345	-0.000008327	-0.0000912	-0.000006196	-0.00006061	-0.0004477	-0.00006212	-0.000004392	-0.00002303	0.000007125	-0.000001316	0.00001236	1.285E-07	-0.000005065	-0.00003079	-0.00002077	-0.00006065	5.547E-07	-0.00001125	-0.00008021	-0.00001886	-0.000009166	-0.00003975	-0.000001465	-0.000005085	-0.0000107	-0.00000836	-0.000003535	-7.013E-07	-4.649E-07	-0.0001312	-0.00002178	-0.00001633	-0.0001225	-0.0000929	-0.002354	0	0	-0.00008541	0
Ship	-0.002558	-0.003231	-0.001587	-0.009879	0	-0.005845	0	-0.004097	-0.01294	-0.001932	0	-0.002939	0	-0.001663	-0.001494	-0.001167	-0.002697	-0.001427	-0.001397	-0.003358	-0.01017	-0.00504	-0.003346	-0.0002755	-0.0003305	-0.00131	-0.0001383	-0.0005699	-0.001522	-0.0009909	-0.0002751	-0.001098	-0.001886	-0.00354	-0.00006625	-0.00006922	-0.00005527	-0.002653	-0.0008024	-0.004959	-0.0007818	-0.0003713	-0.0006254	-0.00007032	-0.0008905	-0.0007507	-0.0006992	-0.0001012	-0.001511	-0.001819	-0.00004213	-0.0008711	-0.0004188	-0.00003029	-0.000008788	-0.0002249	0	0	-0.003118	0
Air	0	0	0	0	0	0	0	0	0	0	0	0	0	0	0	0	0	0	0	0	0	0	0	0	0	0	0	0	0	0	0	0	0	0	0	0	0	0	0	0	0	0	0	0	0	0	0	0	0	0	0	0	0	0	0	0	0	0	0	0
Ocean	0	0	0	0	0	0	0	0	0	0	0	0	0	0	0	0	0	0	0	0	0	0	0	0	0	0	0	0	0	0	0	0	0	0	0	0	0	0	0	0	0	0	0	0	0	0	0	0	0	0	0	0	0	0	0	0	0	0	0	0
EUR	-0.0274	-0.0202	-0.007998	-0.06	0	-0.03448	0	-0.09824	-0.09824	-0.01491	0	-0.05108	0	-0.03584	-0.02297	-0.01593	-0.03304	-0.01942	-0.02534	-0.04666	-0.06758	-0.09802	-0.02825	-0.001217	-0.0003254	-0.0003419	-0.00002851	-0.003342	-0.01042	-0.01092	-0.0005542	-0.01677	-0.001975	-0.001909	-0.00001392	-0.000004473	-0.00003065	-0.001597	-0.001414	-0.002521	-0.00427	-0.0008238	-0.0000411	-0.00000574	-0.00004347	-0.00047	-0.0001881	-0.0000326	-0.0005191	-0.0007388	-0.000008742	-0.0002932	-0.0001072	-2.277E-07	-0.000001428	-0.0000421	0	0	-0.006653	0
