COUNTRY,AUT,CHE,BLX,ESP,FIN,FRA,GBR,GRC,ITA,RFA,SWE,TUR,NOR,BGR,HUN,POL,RCEU,RCZ,ROM,MEME,NOA,EGY,GOLF,WAF,EAF,SAF,RSA,KAZ,RIS,RUS,RUE,UKR,COR,JPN,AUS,NZL,PAC,MON,CHN,TWN,RSAS,NDE,IDN,THA,MYS,PHL,VNM,RSEA,CAN,USA,BRA,MEX,RCAM,CHL,ARG,RSAM,Ship,Air,Ocean,EUR
AUT,-0.111,0.01117,0,0.003245,0,0.002514,0,0.02472,0.08994,0.002716,0,0.01084,0,0.02329,0.07005,0,0.09171,0.02922,0.01761,0.007533,0.02065,0.01624,0.004757,0,0.00002146,0.00000008,0.000001197,0.004179,0.004337,0.005641,0.001036,0.009891,0.0005977,0.001669,0.000001339,0.000000922,0,0.0009805,0.0007648,0.0003313,0.0008672,0.0002427,0,0.0001195,0,0,0.00003143,0.00008067,0.0004421,0.0003737,-0.00000077,0.00006163,0.00007652,0.000000749,0.00000066,-0.000000427,0,0,0.004811,0
CHE,0.01335,0.04658,0,0.001678,0,0.0151,0,0.004503,0.05161,0.02383,0,0.001761,0,0.003537,0.006481,0,0.006566,0.006475,0.003042,0.002746,0.005973,0.00215,0.001868,0,0.00001038,0.000001277,0.000000707,0.001853,0.001907,0.002102,0.0004812,0.001962,0.0002896,0.0008895,-0.000001206,-0.000000997,0,0.0004864,0.0003455,0.0002016,0.0003925,0.0001083,0,0.00004557,0,0,0.00001619,0.00003234,0.0002154,0.0001706,-0.000009105,0.00003329,0.00004227,0.000000628,-0.000001621,-0.000005354,0,0,0.001093,0
BLX,0.01741,0.02326,0,0.005387,0,0.01822,0,0.01169,0.01907,0.02159,0,0.00662,0,0.009008,0.01522,0,0.01608,0.01359,0.01045,0.005965,0.009399,0.009652,0.004148,0,0.00002013,0.000008749,0.000006012,0.006116,0.005257,0.00664,0.001598,0.01086,0.0007938,0.001615,0.000001196,9.027E-07,0,0.000979,0.0008445,-0.0003001,0.0007973,0.0001769,0,0.00007922,0,0,-0.00007976,0.00003923,0.0009281,0.0006688,-0.000001405,0.00001019,0.0001159,-0.000001287,-0.000000426,-0.000002547,0,0,0.002063,0
ESP,0.03712,0.08281,0,1.114,0,0.1305,0,0.0396,0.1046,0.05966,0,0.02392,0,0.02374,0.03139,0,0.0396,0.02897,0.02259,0.02294,0.2406,0.02488,0.01736,0,0.0002403,0.00002574,-0.00001296,0.01705,0.02197,0.0134,0.004468,0.01587,0.002822,0.008919,-0.00000141,-0.0000079,0,0.004366,0.00382,0.008473,0.005822,0.002337,0,0.0006487,0,0,0.0009701,0.0006888,0.002171,0.001672,-0.00002109,0.001444,0.003392,-0.00000944,-0.00001599,0.00005961,0,0,0.01298,0
FIN,0.009195,0.003864,0,0.002566,0,0.005516,0,0.01148,0.00336,0.005432,0,0.01137,0,0.01591,0.01413,0,0.01447,0.01789,0.02134,0.005115,0.002142,0.005526,0.006575,0,-0.00001946,-0.00002427,-0.000005838,0.02599,0.01674,0.02839,0.005646,0.02206,0.002348,0.004238,-0.000007567,-0.000009009,0,0.003562,0.002229,-0.001154,0.00122,0.00006415,0,0.000003876,0,0,-0.0001973,-0.0000169,0.003985,0.00203,-0.00000481,-0.0001151,-0.0001055,-0.000009778,-0.000002188,-0.00001184,0,0,0.005106,0
FRA,0.09452,0.4117,0,0.2507,0,0.4737,0,0.04543,0.2371,0.2848,0,0.02595,0,0.03636,0.06557,0,0.06701,0.07002,0.03769,0.01927,0.1228,0.02401,0.01517,0,0.00008887,-0.000002,-0.000008372,0.01892,0.01966,0.01718,0.005002,0.02973,0.00284,0.009264,-0.000004344,-0.000004415,0,0.004915,0.003467,0.002679,0.003766,0.00108,0,0.0003618,0,0,0.0001733,0.0002719,0.002488,0.00187,-0.000008509,0.0004077,0.0007128,-0.000007921,-0.000006614,-0.000007167,0,0,0.02004,0
GBR,0.04682,0.05807,0,0.04889,0,0.07036,0,0.02277,0.04664,0.06283,0,0.01488,0,0.02018,0.03961,0,0.03011,0.04375,0.02722,0.009366,0.03534,0.01229,0.007299,0,-0.00002744,-0.00003652,-0.000009016,0.01623,0.01269,0.02037,0.004168,0.02696,0.001771,0.004185,-0.00001263,-0.00002117,0,0.002575,0.001795,-0.001373,0.001486,0.0002872,0,0.00004852,0,0,-0.000387,-0.00000099,0.002994,0.001708,-0.0000136,-0.0001261,-0.00004132,-0.00001904,-0.00000514,-0.00001991,0,0,0.006412,0
GRC,0.001897,0.002379,0,0.0004329,0,0.0004339,0,0.3986,0.001796,0.0007321,0,0.06763,0,0.02348,0.0009418,0,0.009304,0.0008583,0.005503,0.07896,0.03207,0.1708,0.008017,0,0.0001622,0.00002394,-0.00000377,0.002645,0.00358,0.003343,0.0008292,0.00503,0.000485,0.00238,0.00000178,0.00000097,0,0.001019,0.000734,0.002242,0.001432,0.0008162,0,0.0002469,0,0,0.0004039,0.0002589,0.000357,0.0002861,-0.00000699,0.0002946,0.0004431,0.00000001,-0.000004669,0.00000293,0,0,0.003264,0
ITA,0.1272,0.16,0,0.017,0,0.025,0,0.1093,0.6988,0.03801,0,0.04832,0,0.05832,0.06093,0,0.1494,0.05347,0.04279,0.03201,0.2013,0.07837,0.01924,0,0.000267,0.00003507,-0.00000938,0.01596,0.01981,0.01286,0.004617,0.02898,0.002621,0.009796,-0.000002,-0.00000217,0,0.004926,0.003642,0.006007,0.005617,0.002174,0,0.0006653,0,0,0.001074,0.0006891,0.002035,0.001772,-0.00002756,0.0008643,0.001379,-0.000004395,-0.0000136,-0.0000019,0,0,0.03892,0
RFA,0.191,0.1051,0,0.01097,0,0.06307,0,0.06344,0.1341,-0.008501,0,0.03785,0,0.05899,0.1149,0,0.1073,0.1205,0.06581,0.0266,0.03444,0.04612,0.0163,0,0.00008218,0.000009957,-0.00000998,0.02356,0.02135,0.02439,0.005988,0.05588,0.002917,0.006569,-0.000001244,0.000006165,0,0.003951,0.003427,-0.0002012,0.003234,0.0007557,0,0.0003676,0,0,-0.0001122,0.000204,0.003076,0.002298,-0.00000689,0.0001865,0.0005429,-0.000004513,-0.000005018,-0.0000116,0,0,0.009402,0
SWE,0.02119,0.01106,0,0.001661,0,0.005095,0,0.01029,0.008135,0.01405,0,0.009568,0,0.01362,0.02086,0,0.01497,0.02643,0.01558,0.003695,0.002322,0.004767,0.002542,0,-0.000006095,-0.000004635,0.000000743,0.00875,0.005777,0.01123,0.0023,0.01522,0.0008566,0.001556,-0.00000187,-0.000001876,0,0.001226,0.000803,-0.0002615,0.0004083,0.00001815,0,0.000004487,0,0,-0.00005319,-0.000005838,0.001437,0.0007651,-0.000003372,-0.00003312,-0.00001063,-0.00000141,0.000000122,-0.00000657,0,0,0.002237,0
TUR,0.00135,0.001814,0,0.002064,0,0.001915,0,0.2004,-0.00005014,0.002423,0,0.9163,0,0.03125,0.001066,0,0.006016,0.001173,0.01359,0.9401,0.004773,0.5072,0.2081,0,0.0008509,0.0001793,-0.00000234,0.02228,0.04592,0.09787,0.006402,0.01368,0.004382,0.01589,0.00002775,0.00004338,0,0.007783,0.00661,0.01372,0.01423,0.005016,0,0.00233,0,0,0.001781,0.001886,0.002908,0.002379,-0.0000177,0.001369,0.0009477,0.00002051,-0.00001311,0.00001188,0,0,0.02722,0
NOR,0.0255,0.02005,0,0.004191,0,0.01533,0,0.01033,0.01439,0.0288,0,0.009183,0,0.01318,0.01631,0,0.01479,0.02032,0.01412,0.004267,0.005743,0.007407,0.00336,0,-0.0000216,-0.00002887,-0.000006012,0.01335,0.008264,0.01436,0.003368,0.01464,0.0014,0.002964,-0.00000702,-0.00001029,0,0.002242,0.001203,0.0002269,0.0005768,0.00002454,0,-0.00001134,0,0,-0.00002061,-0.00001519,0.002695,0.001265,-0.000008457,-0.00002538,-0.00003705,-0.000009814,-0.000003394,-0.00001144,0,0,0.003371,0
BGR,0.002975,0.001483,0,0.0004595,0,0.0004209,0,0.183,0.0007686,0.0007588,0,0.08605,0,0.0384,0.00605,0,0.02443,0.004675,0.0325,0.0132,0.005074,0.04883,0.003839,0,0.00008052,0.00001754,0.000009721,0.002749,0.003494,0.004038,0.0007883,0.01456,0.0004497,0.001623,0.00000434,0.00000533,0,0.0007936,0.000588,0.0006025,0.0008836,0.0003301,0,0.0001243,0,0,0.00005422,0.0001005,0.0003134,0.0002893,-0.0000054,0.0001173,0.0002122,0.00000228,-0.000001178,-0.00000087,0,0,0.001913,0
HUN,0.02718,0.003174,0,0.001521,0,0.0006922,0,0.0313,0.00981,0.002674,0,0.01146,0,0.03765,-0.1533,0,0.07652,0.03926,0.04723,0.006992,0.009552,0.01045,0.004356,0,0.0000249,0.00001152,0.000001034,0.003964,0.004113,0.005734,0.0008169,0.01392,0.0004819,0.001329,0.000001332,0.000001171,0,0.000773,0.0006049,0.0001809,0.000662,0.0001622,0,0.0001027,0,0,0.00001008,0.00005862,0.0003236,0.0002871,6.306E-07,0.00004546,0.00005281,0.000001389,0.000000385,0.00000125,0,0,0.001711,0
POL,0.07309,0.01723,0,-0.001274,0,0.01201,0,0.1661,-0.08066,0.1459,0,0.04602,0,0.1169,0.1039,0,0.08721,0.131,0.2305,0.02418,0.002689,0.03482,0.01337,0,0.00001359,-0.00002373,-0.000004224,0.0231,0.02098,0.03451,0.004959,0.1121,0.002613,0.006446,-0.000002655,-0.00000396,0,0.004326,0.002735,-0.0003057,0.002065,0.0003528,0,0.0001917,0,0,-0.00009803,0.0001096,0.002387,0.001633,0.000002915,0.00002686,0.00005786,-0.000006775,-0.000001901,-0.000004846,0,0,0.004529,0
RCEU,0.05135,0.006307,0,0.002147,0,0.00138,0,0.2439,0.05475,0.003594,0,0.0261,0,0.1311,0.07682,0,0.1702,0.04433,0.04734,0.02182,0.03103,0.03172,0.01036,0,0.00009963,0.00001648,-0.00000289,0.00701,0.008775,0.01214,0.001761,0.01711,0.001012,0.003705,0.00000079,0.00000298,0,0.001914,0.001392,0.001865,0.002068,0.0006666,0,0.0002579,0,0,0.0001876,0.0002083,0.0007215,0.0005953,0.00000235,0.0002264,0.0002923,0.00000121,-0.000001961,0.000006069,0,0,0.007951,0
RCZ,0.0274,0.009111,0,0.002914,0,0.003228,0,0.03915,0.02155,-0.00749,0,0.01586,0,0.03845,0.09609,0,0.07981,-0.1618,0.04417,0.008433,0.004731,0.007573,0.006137,0,0.00005701,0.00001765,-0.000000814,0.00734,0.007287,0.009456,0.001586,0.02065,0.0009159,0.002282,0.0000043,0.000006755,0,0.001406,0.001073,0.00008664,0.001065,0.0002315,0,0.0001577,0,0,-0.00000437,0.00009312,0.0007083,0.000556,0.000007445,0.00009047,0.000235,0.000003121,0.000001255,0.000005391,0,0,0.002779,0
ROM,0.01361,0.002898,0,0.001102,0,0.001017,0,0.08591,0.004049,0.002777,0,0.07585,0,0.1918,0.05777,0,0.05734,0.0423,0.08331,0.04053,0.01601,0.1402,0.01269,0,-0.00000638,-0.00000686,-0.000000518,0.009041,0.01042,0.01623,0.002107,0.07985,0.001266,0.003883,-0.000004132,-0.000006339,0,0.002183,0.001507,0.000794,0.00186,0.0005266,0,0.0002212,0,0,0.00003258,0.0001385,0.0008587,0.0007077,-0.000003852,0.0001036,-0.00002425,-0.000006704,-0.000002474,-0.000006058,0,0,0.004566,0
MEME,0.0002695,0.0003609,0,0.0005925,0,0.0004314,0,0.001014,0.0003036,0.0005071,0,0.02154,0,0.0007363,0.0002817,0,0.0006376,0.0002261,0.0005975,0.2012,0.0004606,-0.003586,0.1025,0,0.0006774,0.0001963,0.000007009,0.004311,0.009174,0.004604,0.0009388,0.0007671,0.0006875,0.003326,0.00003642,0.00005874,0,0.001458,0.001373,0.004882,0.00539,0.003336,0,0.00199,0,0,0.0009095,0.001363,0.000521,0.0003062,-0.0000096,0.0006193,0.0006695,0.00003565,-0.000009237,0.00001956,0,0,0.002284,0
NOA,0.007984,0.002936,0,0.05173,0,0.001001,0,0.01688,0.01517,0.005829,0,0.01527,0,0.0132,0.007655,0,0.02172,0.005063,0.009819,0.02711,0.6939,0.0182,0.01752,0,0.0008773,0.000279,-0.00002001,0.01032,0.01763,0.006575,0.002394,0.005311,0.001678,0.009917,0.00003633,0.00006553,0,0.003827,0.002945,0.01104,0.006723,0.003881,0,0.0008276,0,0,0.002044,0.001167,0.001224,0.0008262,-0.00004604,0.002795,0.008075,0.0000401,-0.00003158,0.00008642,0,0,0.006754,0
EGY,0.0002349,0.0003498,0,0.000498,0,0.0003122,0,0.0001765,0.0002133,0.0004538,0,0.001994,0,0.0001196,0.0001334,0,0.000555,0.0001205,0.00008715,0.007834,0.001904,-0.1054,0.008396,0,0.002629,0.0003469,-0.00001627,0.002806,0.005254,0.001887,0.0005048,-0.00001338,0.0003462,0.002451,0.00006541,0.0001122,0,0.001027,0.001023,0.003725,0.002315,0.001974,0,0.001473,0,0,0.0009241,0.001114,0.0003014,0.0001127,-0.00006984,0.0006948,0.001435,0.00005973,-0.00004007,0.0000097,0,0,0.001158,0
GOLF,0.00266,0.002749,0,0.004348,0,0.002794,0,0.004707,0.001971,0.004068,0,0.08314,0,0.000612,0.001702,0,0.005751,0.001536,0.0003483,0.04617,0.006117,0.008598,0.6618,0,0.02249,0.003872,0.0001805,0.04462,0.1463,0.05463,0.006978,0.0005763,0.005255,0.02276,0.0008077,0.001361,0,0.009606,0.0129,0.03816,0.0941,0.07431,0,0.03606,0,0,0.01268,0.02452,0.004259,0.002767,0.0000004,0.007403,0.009908,0.0008188,-0.0001125,0.0003936,0,0,0.01954,0
WAF,-0.0002324,-0.0002063,0,0.0001711,0,-0.0002233,0,-0.00006546,-0.0001877,-0.0003591,0,0.0004112,0,-0.00009134,-0.000192,0,0.00006346,-0.0002723,-0.0001684,0.001901,0.00365,0.0000093,0.003522,0,0.01196,0.009983,0.001131,0.001049,0.003598,0.0001988,0.0003723,-0.0001114,-0.0001819,0.001605,0.001933,0.003275,0,0.0002588,0.0006933,0.009352,0.004603,0.004741,0,0.001989,0,0,0.007057,0.003477,-0.000283,-0.00003766,0.001301,0.004013,0.01715,0.00183,0.0002957,0.004383,0,0,0.001492,0
EAF,-0.001048,-0.00147,0,-0.0008601,0,-0.001447,0,-0.001176,-0.001447,-0.001288,0,-0.001013,0,-0.001018,-0.001019,0,-0.000692,-0.001066,-0.0009853,-0.0006972,0.0005561,-0.001319,0.0003605,0,1.257,0.3623,0.01971,0.0004753,0.001931,-0.0008808,0.0002485,-0.0008745,-0.0007438,0.002623,0.01567,0.03221,0,0.0003863,0.0009068,0.02799,0.006684,0.01399,0,0.01414,0,0,0.02062,0.01423,-0.0005698,-0.0009509,0.01667,0.005262,0.01205,0.01407,0.003922,0.009141,0,0,0.1328,0
SAF,-0.00002182,0.0001065,0,-0.00007622,0,0.0002591,0,-0.0001546,0.000123,0.00001432,0,-0.000225,0,-0.0001247,-0.00004615,0,0.00002848,-0.00006367,-0.0001203,-0.000417,-0.0003539,-0.000218,-0.000378,0,0.7716,2.235,0.1425,-0.0000488,-0.00009229,-0.0002298,-0.0000938,-0.0001956,-0.0002131,0.00002595,0.03789,0.08817,0,-0.0000371,-0.0000643,0.0003302,-0.0003997,0.0001094,0,0.0008526,0,0,0.0001696,0.0002025,-0.0001644,-0.0006269,0.01399,-0.001551,-0.0001486,0.03871,0.004867,0.005584,0,0,0.01671,0
RSA,0.00003404,0.0002046,0,0.0003876,0,0.0003819,0,0.000008597,0.0001221,0.000122,0,-0.00001775,0,0.000003183,0.00003003,0,0.000001037,0.00003425,-0.000004319,-0.00002132,0.00006749,-0.00001178,-0.00002869,0,0.02057,0.04302,1.093,-0.000002468,-0.000001471,-0.00003339,-0.00001475,-0.00002511,-0.00004859,0.00001287,0.02548,0.0454,0,-0.00001623,-0.0000143,0.0001464,-0.00001893,0.00004233,0,0.0001154,0,0,0.00006285,0.00004917,-0.0000144,-0.00003741,0.007309,0.000008567,0.00005521,0.02033,0.006108,0.003677,0,0,0.007577,0
KAZ,0.002357,0.002547,0,0.00263,0,0.002662,0,0.003526,0.001924,0.002884,0,0.006375,0,0.0046,0.002773,0,0.002737,0.002763,0.005468,0.003668,0.001739,0.002631,0.01991,0,0.00002084,-0.00000024,-0.000003591,0.2362,0.1048,0.03591,0.01524,0.01084,0.00709,0.01401,-0.000004477,-0.000006554,0,0.01112,0.00884,0.005834,0.005552,0.0007382,0,0.0003632,0,0,0.0008251,0.0003403,0.004612,0.003693,-0.000005732,0.0004966,0.0001502,-0.00000567,-0.000003548,-0.000002859,0,0,0.01555,0
RIS,0.00137,0.001443,0,0.001951,0,0.001445,0,0.002551,0.001047,0.001886,0,0.006399,0,0.002553,0.001445,0,0.001914,0.001392,0.002163,0.004315,0.001717,0.003229,0.09557,0,0.0002403,0.0001402,0.0000136,0.05261,0.253,0.02599,0.004907,0.003413,0.003476,0.007285,0.00003567,0.00006423,0,0.00412,0.005788,0.007826,0.05795,0.00575,0,0.002048,0,0,0.001463,0.001846,0.002449,0.002596,0.00001266,0.001077,0.0003993,0.00004727,8.857E-07,0.00002292,0,0,0.007473,0
RUS,0.02317,0.01036,0,0.009665,0,0.01244,0,0.1105,0.008264,0.01473,0,0.2166,0,0.1491,0.05181,0,0.04293,0.05039,0.1574,0.09812,0.008413,0.1292,0.1508,0,0.00007109,-0.00004001,-0.0000116,0.2911,0.2214,0.745,-0.05951,0.2703,0.01982,0.04758,-0.00002345,-0.00003029,0,0.03722,0.01085,0.002312,0.02111,0.003001,0,0.001155,0,0,0.0001421,0.0008965,0.01568,0.009898,-0.000008737,0.000347,-0.00000516,-0.00003878,-0.000004851,-0.00002638,0,0,0.091,0
RUE,0.02096,0.02727,0,0.02475,0,0.03245,0,0.01526,0.01863,0.02984,0,0.02106,0,0.01901,0.02059,0,0.01733,0.02171,0.02439,0.01504,0.0112,0.01049,0.03227,0,-0.0001844,-0.0002666,-0.00005387,0.2022,0.08524,0.06462,0.5726,0.03893,0.1472,0.2765,-0.0001007,-0.0001497,0,0.2071,0.1155,0.03009,0.008296,0.001493,0,0.000316,0,0,0.001874,0.0004248,0.05113,0.03377,-0.00004509,0.002769,0.0009803,-0.0001416,-0.00002123,-0.00005859,0,0,0.05037,0
UKR,0.01986,0.003525,0,0.001554,0,0.002023,0,0.07502,0.004638,0.006839,0,0.09589,0,0.1419,0.049,0,0.03789,0.04769,0.1742,0.03215,0.005793,0.04727,0.02483,0,0.00006984,0.0000062,-0.000003194,0.03986,0.0387,0.08859,0.007364,0.278,0.004438,0.01111,-0.000005685,-0.00001103,0,0.008111,0.004695,0.0004129,0.003879,0.0007719,0,0.0003479,0,0,-0.00000155,0.0002428,0.002779,0.001993,0.000001852,0.0001059,0.00006497,-0.000009091,-0.000001556,-0.00000303,0,0,0.0155,0
COR,0.001299,0.001662,0,0.00181,0,0.001756,0,0.001069,0.001233,0.001834,0,0.001214,0,0.001148,0.001239,0,0.001256,0.001284,0.001241,0.001759,0.001196,0.0009333,0.00182,0,0.00008973,0.00005638,0.000005074,0.00226,0.002144,0.001483,0.07508,0.001443,-2.69,0.1413,0.00001319,0.000001229,0,0.04111,0.05104,0.02936,0.001051,0.0006572,0,0.001068,0,0,0.001626,0.002222,0.003448,0.003163,0.000000696,0.001468,0.0007836,0.00002928,-0.000002109,0.00003204,0,0,0.001722,0
JPN,0.00239,0.002866,0,0.003317,0,0.002969,0,0.001637,0.001946,0.003575,0,0.001841,0,0.001868,0.00212,0,0.002671,0.002184,0.002033,0.002704,0.002467,0.001259,0.002935,0,0.0002169,0.00006483,-0.000005265,0.005299,0.004858,0.002485,0.05703,0.00242,0.1261,-1.187,0.000008935,-0.00002973,0,0.0648,0.01934,0.0415,0.002627,0.001721,0,0.001418,0,0,0.002359,0.002775,0.007284,0.006634,-0.000017,0.005146,0.003001,0.00004851,-0.00001431,0.00009658,0,0,0.01998,0
AUS,0.00007682,0.0001592,0,0.0002587,0,0.0001897,0,0.0001033,0.0001415,0.0001492,0,0.0001215,0,0.000087,0.0000704,0,0.0001577,0.00005292,0.00007748,0.0001573,0.0002109,0.0001055,0.000255,0,0.01569,0.01679,0.01972,0.0003268,0.0004697,0.00007702,0.00006927,0.00005219,-0.00006659,0.000287,0.5539,0.1794,0,0.0001023,0.0001719,0.0009706,0.0002028,0.0001331,0,0.0003821,0,0,0.0004305,0.0002773,0.00005601,-0.00001334,0.01699,0.0004204,0.000668,0.08543,0.02013,0.01132,0,0,0.01642,0
NZL,-0.00004079,-0.00004741,0,-0.000297,0,-0.0001346,0,-0.00003528,0.00008638,-0.00008195,0,-0.000009817,0,-0.00002426,-0.00003628,0,-0.00002555,-0.00003771,-0.00001474,-0.000002958,-0.00003025,-0.00001868,-0.00001365,0,0.00105,0.001082,0.002894,-0.000006278,-0.000004205,-5.859E-07,-0.000004188,0.000001193,-0.00002162,-0.000003243,0.00973,0.04895,0,-0.00001593,-0.000007407,0,-0.000007277,-0.000002801,0,0.00001141,0,0,-0.000001764,3.799E-07,-0.00000335,-0.000002798,0.001741,-0.000007791,-0.000005383,0.01006,0.003873,0.0009342,0,0,0.001222,0
PAC,0.00004835,-0.00002967,0,-0.00001033,0,-0.00001539,0,0.00005125,-0.00003487,0.00002648,0,0.00006468,0,0.00004884,0.00005153,0,0.00004926,0.00005409,0.00004602,0.00007671,0.00006287,0.00008057,0.00008768,0,0.0009683,0.00112,0.0005475,0.00008629,0.0001302,0.00003404,0.00003088,0.00003245,-0.00002101,0.0000849,0.002305,0.001996,0.0002738,0.00004794,0.00005601,0.0002953,0.000089,0.00007515,0,0.0000637,0,0,0.0001299,0.0000769,0.00002855,0.00001234,0.0006898,0.0001689,0.0002193,0.001506,0.0004153,0.0005494,0,0,0.000291,0
MON,0.0007549,0.0009054,0,0.0006801,0,0.0006977,0,0.0006193,0.0006959,0.001074,0,0.0007089,0,0.0006682,0.0006953,0,0.0007845,0.0007273,0.0007159,0.0009808,0.0007035,0.0005406,0.001018,0,0.000003629,-0.000008971,-0.000003671,0.001669,0.001254,0.0009153,0.05375,0.0008393,0.000318,0.04095,-0.000004468,-0.00001005,0,-0.364,0.02034,0.006725,0.0003804,0.0001741,0,0.0001862,0,0,0.0006752,0.0003258,0.001991,0.001766,-0.000001462,0.00046,0.0001704,-0.000001456,-0.000003121,0.00000278,0,0,0.005949,0
CHN,0.02071,0.02424,0,0.02884,0,0.02439,0,0.01914,0.01825,0.0285,0,0.02617,0,0.01956,0.01946,0,0.02347,0.01926,0.01978,0.04349,0.02572,0.02019,0.05304,0,0.006094,0.005417,0.0006648,0.06681,0.07067,0.02559,0.5329,0.02093,0.6791,0.4131,0.00179,0.002748,0,0.9869,1.554,1.167,0.09171,0.05356,0,0.2289,0,0,1.287,0.4293,0.04353,0.04774,0.0006485,0.03387,0.01689,0.002678,0.00007138,0.001403,0,0,0.1656,0
TWN,0.0003621,0.0003447,0,0.0006073,0,0.0003199,0,0.000378,0.0003632,0.0004276,0,0.0006413,0,0.0003717,0.000349,0,0.0005519,0.0003132,0.0003576,0.001215,0.0007894,0.0004494,0.001615,0,0.000503,0.0004443,0.00004829,0.001107,0.001564,0.0004901,0.001969,0.0003412,0.05084,0.009936,0.0001659,0.0002776,0,0.008376,0.01296,0.0519,0.002669,0.0024,0,0.009953,0,0,0.03297,0.01492,0.0008821,0.0009963,0.00004821,0.002199,0.001582,0.0002315,0.000002996,0.0001469,0,0,0.006045,0
RSAS,0.0007557,0.0009505,0,0.001684,0,0.001161,0,0.0007707,0.0007816,0.001085,0,0.001479,0,0.0007187,0.0006429,0,0.001173,0.0005718,0.0006365,0.003086,0.001886,0.001375,0.005441,0,0.001021,0.0007294,0.0000391,0.001433,0.01034,0.0008509,0.001192,0.0005115,0.00238,0.00348,0.0002166,0.0004116,0,0.001477,0.004609,0.008752,0.7976,0.218,0,0.009966,0,0,-0.004753,0.04033,0.001065,0.001315,0.00001912,0.002839,0.001805,0.0002707,-0.00001722,0.0001155,0,0,0.003963,0
NDE,0.001605,0.001748,0,0.003809,0,0.001845,0,0.00182,0.001303,0.002246,0,0.005573,0,0.001703,0.001401,0,0.002809,0.001166,0.001474,0.01322,0.006909,0.005053,0.02553,0,0.01176,0.005465,0.000246,0.006391,0.01485,0.003272,0.003348,0.001206,0.006536,0.008489,0.001568,0.00298,0,0.003821,0.0222,0.04981,0.8805,1.476,0,0.1889,0,0,0.06903,0.2831,0.002422,0.003367,0.0001734,0.01184,0.01221,0.001862,-0.0001471,0.0007855,0,0,0.01078,0
IDN,-0.0001306,-0.0001745,0,0.0001426,0,0.0000078,0,-0.0002072,-0.0002044,-0.00008513,0,-0.0001565,0,-0.0001871,-0.0001727,0,0.00008635,-0.0002008,-0.0002059,-0.00009075,0.0001697,-0.0002465,0.0001791,0,0.02326,0.02089,0.004828,0.0005547,0.001007,-0.0002254,-0.0003843,-0.0002774,-0.00481,0.0005825,0.01475,0.02258,0,-0.001496,-0.006481,0.007085,0.002063,0.00307,0,0.009395,0,0,0.006068,0.007934,-0.0001532,-0.0003069,0.006706,0.00242,0.003858,0.01755,0.002442,0.005452,0,0,0.003733,0
THA,0.0002141,0.0003254,0,0.0005936,0,0.0003891,0,0.0002134,0.0002241,0.0003068,0,0.0006673,0,0.0001971,0.0002107,0,0.0003338,0.000171,0.0001574,0.001535,0.0009204,0.0005899,0.002597,0,0.002117,0.001844,0.0001825,0.000828,0.001546,0.0003568,0.0008091,0.00007233,0.001459,0.002375,0.0006515,0.001144,0,0.0009736,0.02246,0.04503,0.01334,0.01701,0,0.7058,0,0,0.1552,0.1694,0.0003479,0.0004083,0.0002419,0.002747,0.002801,0.0008064,0.00001518,0.0004059,0,0,0.001761,0
MYS,0.000007323,0.000107,0,0.0001283,0,0.0002226,0,-0.00003193,0.00003969,0.00006818,0,0.00001439,0,-0.00003471,-0.000008335,0,0.00007747,-0.00002157,-0.00004807,0.0001198,0.000191,0.00002972,0.0002947,0,0.005642,0.005207,0.0008133,0.0002148,0.0004635,-0.00004868,0.00008241,-0.00007885,0.0004121,0.001019,0.002407,0.004688,0,0.0005594,0.002216,0.003661,0.00119,0.002791,0,0.007138,0.002764,0,0.003434,0.003859,-0.00006242,-0.00003828,0.001192,0.001065,0.001655,0.002987,0.0003013,0.001216,0,0,0.001105,0
PHL,0.0001401,0.000235,0,0.0003716,0,0.000396,0,0.0001668,0.0001401,0.0001916,0,0.0003247,0,0.0001376,0.0001464,0,0.0001581,0.0001358,0.0001191,0.0006208,0.0004082,0.0003644,0.000904,0,0.002192,0.002182,0.0003119,0.0003301,0.000621,0.0002134,0.0004137,0.0001001,0.005727,0.001129,0.0008937,0.001527,0,0.0007013,0.00284,0.01397,0.001932,0.00184,0,0.006316,0,0.007225,0.008639,0.005466,0.0001983,0.0003194,0.0004216,0.001326,0.001562,0.001106,0.000104,0.0005514,0,0,0.0009012,0
VNM,0.00008998,0.00004586,0,0.0002367,0,0.0001313,0,0.0001051,-0.00001207,0.00009899,0,0.0003689,0,0.0001022,0.00008911,0,0.0001773,0.00006859,0.0000839,0.0008658,0.000431,0.0003469,0.001379,0,0.001015,0.0009052,0.00009547,0.000471,0.0008352,0.0002031,0.0003873,0.0000633,0.003621,0.001169,0.00033,0.0005478,0,0.0009452,0.02179,0.02982,0.0078,0.007047,0,0.06532,0,0,0.2807,0.07821,0.0002341,0.000286,0.0001271,0.001545,0.001502,0.0004286,0.00001345,0.0002232,0,0,0.001078,0
RSEA,-0.0002113,-0.0002751,0,0.0003589,0,-0.00008335,0,-0.0003281,-0.0004198,-0.0001702,0,-0.0001707,0,-0.0002551,-0.0002176,0,0.00002241,-0.0002547,-0.0002658,0.0002243,0.0003644,-0.0003633,0.0008135,0,0.0004195,0.0001161,-0.0001348,0.0008201,0.001502,-0.0002071,0.000696,-0.0002575,0.00073,0.003356,-0.00002174,-0.00003207,0,0.001022,0.01145,0.1195,0.02134,0.01366,0,0.1373,0,0,0.2576,0.2655,0.0003156,0.0001223,-0.00017,0.006712,0.005108,0.00002594,-0.0001177,0.000126,0,0,0.003782,0
CAN,0.04486,0.06761,0,0.06603,0,0.07852,0,0.03087,0.04615,0.07087,0,0.02782,0,0.03294,0.03919,0,0.03579,0.04295,0.03568,0.02838,0.03213,0.02516,0.02513,0,-0.00005398,-0.0001457,-0.00003416,0.04133,0.03169,0.03746,0.01511,0.04045,0.005877,0.01169,-0.00005618,-0.00008291,0,0.007286,0.005819,0.001788,0.005842,0.001374,0,0.0001819,0,0,0.0001471,0.0002079,0.0664,0.127,-0.00003385,0.002447,0.001756,-0.00007913,-0.00001469,-0.00003108,0,0,0.09825,0
USA,0.1121,0.1384,0,0.1655,0,0.1376,0,0.1038,0.1047,0.1528,0,0.1205,0,0.1035,0.1055,0,0.115,0.1057,0.1019,0.1869,0.14,0.101,0.1928,0,0.002422,0.0008314,0.00004513,0.1413,0.1654,0.09848,0.04241,0.09613,0.02466,0.06582,0.0001771,0.0002859,0,0.03622,0.03227,0.03093,0.05703,0.0253,0,0.006069,0,0,0.007474,0.007378,0.8624,2.171,-0.000001216,0.2254,0.05668,0.0002728,-0.00004605,0.001038,0,0,0.6837,0
BRA,-0.0001516,-0.0001806,0,-0.00007015,0,-0.0001089,0,-0.0001567,-0.0002072,-0.0001318,0,-0.0001859,0,-0.0001562,-0.0001555,0,-0.00002286,-0.0001819,-0.0001786,-0.0001937,-0.00000631,-0.0002459,-0.00005334,0,0.1112,0.1339,0.06253,0.0001187,0.0003866,-0.0002318,-0.00008877,-0.0002438,-0.0004103,0.0002037,0.07626,0.1781,0,-0.00001296,0.00001446,0.001721,0.0000805,0.0004759,0,0.001393,0,0,0.001191,0.0008741,-0.000184,-0.0002321,1.122,0.002938,0.01193,0.08711,0.3518,0.7523,0,0,0.03842,0
MEX,0.002805,0.002501,0,0.004487,0,0.002173,0,0.003128,0.002036,0.003518,0,0.004802,0,0.002959,0.002561,0,0.004259,0.002295,0.002606,0.00853,0.007283,0.003644,0.01137,0,0.002008,0.001513,0.0001952,0.007214,0.01271,0.003008,0.002631,0.002223,0.001372,0.009378,0.0005659,0.001133,0,0.003762,0.002892,0.01685,0.008904,0.006332,0,0.001116,0,0,0.004229,0.00302,0.005734,0.0298,0.0002424,1.511,0.05244,0.0007054,0.00004844,0.001077,0,0,0.05262,0
RCAM,0.001479,0.001636,0,0.003193,0,0.001786,0,0.001858,0.001096,0.002086,0,0.00267,0,0.001679,0.001373,0,0.002196,0.001223,0.001388,0.004652,0.004483,0.002031,0.006228,0,0.002984,0.002587,0.0004331,0.003223,0.00653,0.001306,0.001049,0.0008863,0.000509,0.003594,0.0009198,0.001715,0,0.001451,0.001495,0.009183,0.004653,0.003456,0,0.0008505,0,0,0.003111,0.002019,0.0006787,0.01576,0.0005897,0.1582,0.7527,0.001147,0.0003797,0.003654,0,0,0.02226,0
CHL,0.00001877,0.00005046,0,0.0001475,0,0.0001413,0,0.000005043,0.00001206,0.00002028,0,-0.000003204,0,0.000005218,0.00001177,0,-0.000000539,0.00001144,0.00000039,-0.00001417,-0.000007627,-0.00000379,-0.00001403,0,0.002579,0.003184,0.009303,0.000001097,-0.000001469,-0.000002672,0.000002447,0.000002271,-0.00001421,-0.00001639,0.007081,0.01035,0,-0.00001054,-0.000005038,0.00002867,-0.000005407,0.000006216,0,0.00003084,0,0,0.00001687,0.00001267,-0.000006658,-0.00001018,0.01232,0.00001544,0.00003627,0.6401,0.03447,0.01294,0,0,0.003726,0
ARG,0.00006519,0.0003328,0,0.00009974,0,0.0003942,0,0.00003006,0.0002674,0.0001662,0,0.00001812,0,0.00003297,0.00006799,0,0.00002769,0.00007213,0.00003391,0.0000129,0.00005352,0.00005123,-0.00002194,0,0.01012,0.01223,0.03351,7.734E-07,0.000004625,-0.000006181,-0.000007058,0.000004435,-0.00006481,-0.000005087,0.02412,0.03832,0,-0.00002771,-0.00002027,0.0001657,-0.0000191,0.00002294,0,0.0001218,0,0,0.00007722,0.00004727,-0.00002473,-0.00003136,0.1123,0.00001362,0.00006816,0.04903,0.6669,0.1707,0,0,0.02166,0
RSAM,0.000108,-0.0000392,0,0.0005081,0,-0.000153,0,0.0004439,-0.0000808,0.0002044,0,0.001087,0,0.000362,0.00005661,0,0.0005826,-0.00000212,0.0001887,0.002259,0.001717,0.0008101,0.003197,0,0.04034,0.04854,0.01771,0.0009939,0.002538,0.0002326,0.0001802,-0.0000188,-0.00008691,0.0007883,0.02559,0.06228,0,0.000277,0.0005914,0.003719,0.001819,0.001601,0,0.001098,0,0,0.002519,0.001415,0.00002325,0.001356,0.05923,0.03869,0.2019,0.03949,0.1099,0.4537,0,0,0.01067,0
Ship,0.1779,0.2767,0,0.5031,0,0.357,0,0.1213,0.3185,0.2713,0,0.09618,0,0.09248,0.1337,0,0.1504,0.1571,0.1039,0.1012,0.6723,0.4845,0.08901,0,0.07923,0.06125,0.09128,0.1134,0.09636,0.08816,0.112,0.1093,0.236,0.3258,0.1899,0.1842,0,0.1524,0.0788,0.3783,0.05334,0.06931,0,0.09533,0,0,0.1093,0.07119,0.1562,0.1186,0.0857,0.1739,0.2076,0.09058,0.04447,0.03914,0,0,0.2438,0
Air,0.07323,0.09941,0,0.09551,0,0.07582,0,0.08412,0.08553,0.09425,0,0.1055,0,0.06642,0.0649,0,0.07729,0.06529,0.06531,0.1218,0.09619,0.0791,0.149,0,0.01947,0.01629,0.01067,0.107,0.1296,0.07821,0.05473,0.06329,0.04804,0.08609,0.0163,0.01954,0,0.05157,0.0525,0.0846,0.06244,0.04176,0,0.02238,0,0,0.02866,0.02861,0.08373,0.08695,0.01342,0.07771,0.05401,0.01581,0.008941,0.01225,0,0,0.07612,0
Ocean,0,0,0,0,0,0,0,0,0,0,0,0,0,0,0,0,0,0,0,0,0,0,0,0,0,0,0,0,0,0,0,0,0,0,0,0,0,0,0,0,0,0,0,0,0,0,0,0,0,0,0,0,0,0,0,0,0,0,0,0
EUR,0.7305,1.041,0,1.49,0,0.8657,0,1.432,1.566,0.6101,0,0.5418,0,0.8476,0.7301,0,1.097,0.5842,0.6652,0.341,0.7973,0.6907,0.1602,0,0.001069,0.00002489,-0.00007723,0.2131,0.2009,0.2483,0.05307,0.4846,0.02708,0.07613,-0.00004833,-0.00006385,0,0.04427,0.0317,0.02107,0.03474,0.01043,0,0.003609,0,0,0.002087,0.002923,0.02886,0.01935,-0.000104,0.003647,0.007289,-0.00009165,-0.00006193,-0.000007107,0,0,0.1389,0
