COUNTRY	AUT	CHE	BLX	ESP	FIN	FRA	GBR	GRC	ITA	RFA	SWE	TUR	NOR	BGR	HUN	POL	RCEU	RCZ	ROM	MEME	NOA	EGY	GOLF	WAF	EAF	SAF	RSA	KAZ	RIS	RUS	RUE	UKR	COR	JPN	AUS	NZL	PAC	MON	CHN	TWN	RSAS	NDE	IDN	THA	MYS	PHL	VNM	RSEA	CAN	USA	BRA	MEX	RCAM	CHL	ARG	RSAM	Ship	Air	Ocean	ARCTIC_LAND	ARCTIC_SEA
AUT	0.0318	0.00721	0.00258	0.00225	0.00174	0.00284	0.00139	0.00514	0.0194	0.00576	0.00206	0.0031	0.0015	0.00533	0.00954	0.00563	0.00857	0.0104	0.00462	0.00319	0.00331	0.00422	0.00139	0.000595	0.000248	0.0000235	0.0000131	0.00135	0.00144	0.00206	0.0011	0.00334	0.000949	0.000881	0.0000113	0.0000102	0.0000384	0.000884	0.000626	0.000506	0.000471	0.000348	0.0000355	0.00019	0.000114	0.000216	0.000215	0.000198	0.000564	0.000528	0.0000257	0.000258	0.000312	0.0000098	0.0000085	0.000095	0	0	0	-0.0000489	-0.0000401
CHE	0.00579	0.0308	0.00192	0.00118	0.000709	0.00421	0.000771	0.00154	0.00813	0.00473	0.00104	0.00096	0.000684	0.00162	0.00206	0.00179	0.0018	0.0031	0.00115	0.00097	0.00145	0.00117	0.000559	0.000236	0.0000959	0.0000104	0.0000037	0.000579	0.000626	0.000832	0.000471	0.000995	0.000413	0.000393	0.0000041	0.0000051	0.000016	0.000389	0.000271	0.000219	0.000206	0.000151	0.000017	0.0000815	0.0000485	0.0000918	0.0000921	0.0000866	0.000258	0.000239	0.000012	0.000115	0.000142	0.0000047	0.0000043	0.0000429	0	0	0	-0.00000922	-0.00000841
BLX	0.0173	0.0144	0.0586	0.00699	0.00729	0.0235	0.0271	0.00822	0.0123	0.0316	0.0148	0.00619	0.00892	0.00857	0.0124	0.0136	0.0107	0.0171	0.00876	0.00551	0.00566	0.00678	0.00273	0.00114	0.000462	0.0000488	0.0000295	0.00353	0.00343	0.00533	0.00292	0.0072	0.00219	0.00198	0.0000233	0.0000239	0.0000935	0.00203	0.00139	0.00111	0.000926	0.000674	0.0000841	0.00041	0.000271	0.000496	0.000482	0.00042	0.00149	0.00134	0.0000593	0.00063	0.000794	0.0000218	0.0000183	0.00026	0	0	0	-0.0000568	-0.0000475
ESP	0.00889	0.0111	0.00579	0.0772	0.00295	0.0148	0.00513	0.00731	0.0163	0.00669	0.00424	0.00503	0.0032	0.00567	0.00589	0.00517	0.00737	0.00616	0.00524	0.00614	0.0412	0.00829	0.00402	0.00345	0.00104	0.0000855	0.0000524	0.003	0.00365	0.00351	0.00224	0.00441	0.00243	0.00243	0.0000399	0.0000424	0.000146	0.00214	0.00169	0.00173	0.00166	0.00137	0.00013	0.000677	0.000425	0.00084	0.000791	0.000731	0.00159	0.00161	0.000124	0.0011	0.0021	0.0000399	0.0000351	0.000741	0	0	0	-0.00105	-0.00112
FIN	0.000953	0.000592	0.000622	0.000383	0.00896	0.000554	0.000715	0.00104	0.000702	0.000768	0.00226	0.000965	0.00114	0.0018	0.00116	0.00224	0.00121	0.00112	0.00125	0.000755	0.000421	0.000894	0.000436	0.000135	0.0000591	0.0000071	0.0000042	0.000919	0.000753	0.00181	0.000803	0.00171	0.000492	0.000414	0.0000036	0.0000042	0.0000152	0.000476	0.000304	0.000238	0.000144	0.0000976	0.0000142	0.0000703	0.0000432	0.0000908	0.0000907	0.0000652	0.000279	0.00026	0.0000069	0.000111	0.000122	0.0000045	0.0000033	0.000033	0	0	0	-0.0000903	-0.0000805
FRA	0.0478	0.0826	0.0618	0.051	0.0164	0.119	0.0377	0.0289	0.0767	0.0608	0.0261	0.02	0.0173	0.0252	0.0319	0.0325	0.0325	0.0406	0.024	0.0199	0.0444	0.0248	0.0104	0.00545	0.00197	0.000192	0.000113	0.0113	0.0121	0.0154	0.00905	0.0201	0.00809	0.00765	0.000086	0.0000912	0.000347	0.00741	0.00524	0.00453	0.00394	0.00289	0.000325	0.00163	0.00107	0.00203	0.00194	0.00168	0.00527	0.00488	0.000244	0.00245	0.00329	0.000083	0.0000734	0.00105	0	0	0	-0.000265	-0.000255
GBR	0.0308	0.0336	0.0844	0.0208	0.0219	0.0507	0.0969	0.0185	0.0274	0.0528	0.0475	0.0145	0.0321	0.0193	0.0247	0.0317	0.0215	0.0327	0.0193	0.0134	0.0188	0.0165	0.00658	0.00313	0.00116	0.000131	0.0000788	0.00931	0.00889	0.0133	0.0077	0.0188	0.00556	0.00504	0.0000596	0.0000633	0.000246	0.00512	0.00358	0.0029	0.00234	0.00172	0.000227	0.00107	0.000735	0.00134	0.00128	0.00107	0.00391	0.00351	0.000159	0.00165	0.00219	0.0000573	0.0000491	0.000732	0	0	0	-0.000699	-0.000773
GRC	0.000751	0.000589	0.000433	0.000526	0.000509	0.000511	0.000442	0.0535	0.00168	0.000461	0.000505	0.00594	0.000455	0.00749	0.00085	0.000632	0.00331	0.000674	0.00334	0.0114	0.00166	0.0182	0.00239	0.00169	0.000741	0.0000165	0.0000096	0.000827	0.00111	0.00109	0.000551	0.00182	0.000568	0.000589	0.0000082	0.0000087	0.000031	0.000495	0.00045	0.000481	0.000609	0.000534	0.0000306	0.000222	0.000119	0.000261	0.000243	0.00024	0.000374	0.000393	0.0000321	0.000263	0.000398	0.0000079	0.0000074	0.000113	0	0	0	-0.000196	-0.000201
ITA	0.0851	0.108	0.0123	0.017	0.00732	0.034	0.00748	0.033	0.304	0.0225	0.00768	0.0181	0.00669	0.0254	0.0357	0.019	0.0472	0.0302	0.0242	0.0211	0.0347	0.0293	0.00963	0.00611	0.00205	0.000156	0.0000895	0.00791	0.00931	0.0101	0.00609	0.0165	0.006	0.00596	0.0000659	0.0000696	0.000266	0.00552	0.00423	0.00384	0.00366	0.00276	0.000256	0.0014	0.000869	0.00176	0.00166	0.00146	0.00376	0.00358	0.0002	0.00194	0.00266	0.0000653	0.0000567	0.000765	0	0	0	-0.000336	-0.000334
RFA	0.0671	0.0699	0.0576	0.0156	0.0179	0.0399	0.0283	0.0256	0.0452	0.0818	0.0318	0.0186	0.0179	0.0274	0.0413	0.0421	0.0334	0.0591	0.0276	0.0171	0.0145	0.0212	0.00816	0.00337	0.0014	0.000134	0.0000818	0.0098	0.0098	0.0149	0.00803	0.022	0.00626	0.00564	0.0000621	0.0000664	0.000256	0.00582	0.00397	0.00314	0.00271	0.00197	0.000232	0.00117	0.000737	0.00137	0.00136	0.0012	0.00413	0.00374	0.000166	0.00175	0.00218	0.0000609	0.0000522	0.000677	0	0	0	-0.00372	-0.00562
SWE	0.00494	0.00396	0.00631	0.00216	0.00657	0.00377	0.0053	0.00465	0.00444	0.00731	0.0163	0.00397	0.00683	0.00477	0.00528	0.00616	0.00481	0.00572	0.00476	0.00357	0.00252	0.00432	0.0018	0.000723	0.000297	0.0000322	0.0000207	0.00259	0.00258	0.00355	0.00199	0.00408	0.00163	0.00143	0.0000152	0.0000159	0.000064	0.00146	0.00106	0.000894	0.000611	0.000434	0.0000565	0.000306	0.000194	0.000389	0.000379	0.000292	0.00109	0.00101	0.0000393	0.000463	0.00053	0.0000154	0.0000134	0.000154	0	0	0	-0.0000771	-0.0000707
TUR	0.00297	0.00276	0.00317	0.00295	0.00464	0.00301	0.00353	0.048	0.00335	0.00289	0.00393	0.116	0.0038	0.0304	0.00424	0.00423	0.0066	0.00338	0.0234	0.121	0.00317	0.0812	0.031	0.00497	0.00358	0.000247	0.000124	0.00797	0.0117	0.0185	0.00508	0.0179	0.00527	0.00521	0.0000826	0.0000882	0.000284	0.00475	0.00383	0.00372	0.00501	0.00404	0.000281	0.00181	0.000871	0.00176	0.00181	0.00195	0.00285	0.00293	0.000236	0.00169	0.00193	0.0000794	0.0000687	0.000557	0	0	0	-0.000731	-0.000729
NOR	0.0132	0.0111	0.00928	0.0087	0.00752	0.0102	0.0101	0.015	0.0151	0.00989	0.0156	0.0129	0.0274	0.015	0.0143	0.0118	0.0146	0.0125	0.015	0.0115	0.0101	0.0137	0.00633	0.00278	0.00103	0.0000938	0.0000568	0.00954	0.00905	0.0118	0.00745	0.0139	0.00716	0.0063	0.0000416	0.0000443	0.000218	0.00643	0.00453	0.00414	0.00226	0.00156	0.000196	0.00117	0.000739	0.00168	0.0016	0.00105	0.00419	0.00404	0.000106	0.0018	0.00209	0.000042	0.0000353	0.000563	0	0	0	-0.000543	-0.000664
BGR	0.0013	0.000546	0.000403	0.000443	0.000627	0.00047	0.000414	0.0132	0.00108	0.000368	0.000567	0.00675	0.000507	0.0234	0.00243	0.00118	0.00377	0.000296	0.00942	0.00493	0.000777	0.00723	0.00119	0.000802	0.000331	0.000015	0.000008	0.000834	0.000915	0.00147	0.000619	0.00403	0.000575	0.000539	0.000006	0.0000076	0.0000269	0.000511	0.000395	0.000352	0.000339	0.000272	0.0000227	0.000146	0.0000765	0.000157	0.000157	0.00015	0.000314	0.000315	0.0000293	0.000175	0.000242	0.0000083	0.0000074	0.0000774	0	0	0	-0.000274	-0.000263
HUN	0.00813	0.00173	0.00141	0.00149	0.00197	0.00134	0.00115	0.0066	0.00664	0.00235	0.00245	0.00414	0.00155	0.00822	0.0279	0.00791	0.0119	0.0122	0.00984	0.00363	0.00237	0.00481	0.00164	0.000627	0.000271	0.0000233	0.0000138	0.00167	0.00171	0.00288	0.00134	0.00495	0.00106	0.000939	0.0000113	0.0000123	0.0000436	0.000987	0.000695	0.000542	0.000514	0.00038	0.0000399	0.000219	0.000124	0.000236	0.00024	0.000228	0.000616	0.000584	0.0000303	0.000285	0.000341	0.0000119	0.000009	0.000104	0	0	0	-0.000149	-0.000122
POL	0.0187	0.00874	0.00812	0.00446	0.0157	0.00629	0.00721	0.0158	0.013	0.0128	0.0181	0.0121	0.00965	0.0183	0.0318	0.0461	0.0193	0.0337	0.022	0.00928	0.0046	0.0113	0.00456	0.00153	0.000655	0.0000663	0.00004	0.00755	0.00657	0.0131	0.00639	0.02	0.00423	0.00366	0.0000304	0.0000324	0.000128	0.00408	0.00263	0.00196	0.00145	0.000973	0.000114	0.000618	0.000367	0.000757	0.000755	0.000607	0.00242	0.00218	0.000074	0.000927	0.00101	0.0000302	0.0000248	0.000278	0	0	0	-0.000759	-0.000665
RCEU	0.0215	0.00477	0.00317	0.0037	0.0041	0.00351	0.00292	0.0347	0.0228	0.00511	0.00459	0.0146	0.00334	0.0339	0.031	0.0111	0.036	0.0166	0.0292	0.0152	0.00738	0.0217	0.0062	0.00381	0.00144	0.000124	0.0000736	0.00453	0.00522	0.0076	0.00354	0.0132	0.0034	0.00312	0.0000543	0.0000572	0.00019	0.00301	0.00233	0.00203	0.00211	0.00169	0.000177	0.000889	0.000535	0.000989	0.000967	0.00094	0.00196	0.002	0.000156	0.00114	0.00151	0.0000512	0.0000453	0.000492	0	0	0	-0.000379	-0.000354
RCZ	0.0143	0.0058	0.00386	0.00265	0.00387	0.00334	0.00266	0.0089	0.0106	0.00776	0.00533	0.00544	0.00312	0.00962	0.0221	0.0155	0.0133	0.0132	0.0108	0.00447	0.00306	0.00574	0.0021	0.000812	0.000358	0.0000318	0.0000204	0.00256	0.00253	0.00429	0.00205	0.00718	0.00158	0.00139	0.0000141	0.0000151	0.0000579	0.00149	0.00101	0.000772	0.000678	0.000486	0.0000524	0.000283	0.000163	0.000319	0.000323	0.000291	0.000931	0.000862	0.0000373	0.000399	0.000479	0.0000149	0.0000127	0.000143	0	0	0	-0.00012	-0.0000964
ROM	0.00443	0.00189	0.0016	0.00151	0.0024	0.00155	0.00153	0.0126	0.00366	0.00208	0.00267	0.0111	0.00194	0.019	0.0137	0.00598	0.00603	0.0066	0.018	0.0115	0.00227	0.0162	0.00346	0.00117	0.00062	0.0000426	0.0000264	0.00269	0.00304	0.00497	0.00204	0.0108	0.0017	0.00151	0.0000197	0.0000203	0.0000781	0.00157	0.00117	0.00095	0.000976	0.000724	0.0000711	0.000404	0.000223	0.000426	0.000432	0.000418	0.000988	0.00098	0.0000527	0.000506	0.000592	0.0000184	0.0000154	0.00017	0	0	0	-0.00017	-0.000151
MEME	0.000761	0.000821	0.000954	0.000981	0.00118	0.00093	0.00103	0.00402	0.000925	0.000836	0.00101	0.0127	0.000988	0.00134	0.000817	0.00101	0.000801	0.000812	0.00133	0.121	0.000911	0.0208	0.02	0.00149	0.00165	0.000142	0.0000668	0.00217	0.00414	0.00264	0.00126	0.00205	0.00146	0.00159	0.0000468	0.0000504	0.000135	0.00133	0.00125	0.00133	0.00267	0.00244	0.000129	0.000987	0.000353	0.000693	0.00083	0.00117	0.000875	0.000951	0.000119	0.000623	0.000722	0.0000436	0.0000377	0.000214	0	0	0	-0.000413	-0.000424
NOA	0.0172	0.0156	0.00586	0.048	0.00464	0.0138	0.00535	0.0258	0.0502	0.00738	0.00521	0.0131	0.00416	0.017	0.0154	0.00882	0.0245	0.0114	0.0137	0.0174	0.162	0.0223	0.0116	0.0152	0.00447	0.000475	0.000257	0.00514	0.00736	0.00649	0.00372	0.00866	0.00439	0.00468	0.000164	0.000172	0.000445	0.00372	0.00328	0.00371	0.00441	0.00396	0.00047	0.00169	0.00119	0.00214	0.00188	0.0019	0.00271	0.00298	0.000552	0.00263	0.00585	0.000154	0.00014	0.00205	0	0	0	-0.000514	-0.000543
EGY	0.000786	0.00079	0.00089	0.000988	0.000962	0.000854	0.000972	0.0037	0.00089	0.000814	0.000898	0.00727	0.000945	0.00173	0.00071	0.000821	0.000964	0.00076	0.00125	0.0346	0.00122	0.27	0.0135	0.00918	0.00853	0.000354	0.000144	0.00203	0.00368	0.00233	0.00116	0.00117	0.00135	0.00158	0.000094	0.0000977	0.000208	0.00116	0.00124	0.00148	0.00251	0.00262	0.000183	0.000984	0.00043	0.000958	0.000886	0.00116	0.000871	0.000948	0.000349	0.000757	0.00117	0.0000845	0.0000786	0.000535	0	0	0	-0.000194	-0.000202
GOLF	0.0104	0.0106	0.0112	0.0123	0.0106	0.0112	0.0119	0.0166	0.0119	0.0104	0.0109	0.0487	0.0104	0.0124	0.0103	0.0108	0.0112	0.0103	0.0117	0.0683	0.013	0.0253	0.431	0.0254	0.0448	0.00546	0.00242	0.0312	0.0755	0.027	0.0135	0.0124	0.0166	0.0176	0.00172	0.00179	0.00409	0.0139	0.0164	0.0189	0.0799	0.0839	0.00415	0.0262	0.00937	0.0156	0.0197	0.0354	0.0105	0.0131	0.00408	0.0121	0.0161	0.00157	0.00138	0.00615	0	0	0	-0.00211	-0.00216
WAF	0.00342	0.00365	0.00364	0.00532	0.00284	0.00396	0.00381	0.00512	0.0043	0.00333	0.00327	0.00506	0.00324	0.00374	0.00322	0.00309	0.00378	0.00317	0.00329	0.00625	0.00824	0.0067	0.00887	0.139	0.0119	0.00608	0.00434	0.00361	0.00608	0.00313	0.00267	0.00308	0.0034	0.00431	0.00266	0.00277	0.00387	0.00289	0.00347	0.005	0.00718	0.00899	0.0031	0.00487	0.00375	0.00653	0.00476	0.00549	0.0027	0.00348	0.0122	0.00616	0.0183	0.00249	0.00245	0.0207	0	0	0	-0.000198	-0.00021
EAF	0.00407	0.0044	0.00438	0.00545	0.00343	0.00462	0.00454	0.0054	0.00478	0.00407	0.00391	0.00567	0.00385	0.00421	0.0038	0.00375	0.00422	0.00383	0.00383	0.00715	0.00708	0.00704	0.0148	0.0976	0.0515	0.0492	0.0215	0.00446	0.00731	0.00379	0.00325	0.00366	0.00415	0.00524	0.0117	0.0119	0.0131	0.00351	0.00439	0.00639	0.0117	0.0174	0.0103	0.00992	0.00857	0.0124	0.00822	0.0106	0.00352	0.00466	0.0437	0.00826	0.0152	0.0094	0.00925	0.0198	0	0	0	-0.0000633	-0.0000668
SAF	0.000453	0.000513	0.000514	0.000697	0.000422	0.000578	0.000553	0.000657	0.000586	0.000473	0.000483	0.000672	0.000476	0.000522	0.000432	0.000464	0.000501	0.000441	0.000463	0.000844	0.000866	0.000817	0.00156	0.0446	0.0216	0.0314	0.0345	0.000427	0.000717	0.000429	0.00034	0.000447	0.0006	0.00075	0.012	0.0123	0.00925	0.000479	0.000565	0.000944	0.00156	0.00287	0.00665	0.00205	0.0019	0.00157	0.00142	0.00193	0.000426	0.000734	0.0167	0.00266	0.00502	0.00847	0.00627	0.00809	0	0	0	0.00000562	0.00000711
RSA	0.0000529	0.0000724	0.0000626	0.0000787	0.0000146	0.000104	0.0000264	0.0000448	0.0000646	0.000041	0.0000015	0.0000413	-0.0000012	0.0000247	0.0000367	0.0000178	0.0000346	0.0000373	0.0000211	0.0000414	0.0000552	0.0000507	0.000106	0.000408	0.00293	0.0188	0.13	0.0000249	0.0000407	0.0000192	0.0000211	0.0000124	0.0000326	0.0000524	0.00863	0.00966	0.00332	0.0000344	0.0000449	0.0000819	0.000148	0.000326	0.00198	0.000273	0.00027	0.000209	0.000183	0.000244	0.0000213	0.0000345	0.00293	0.0000886	0.000148	0.00535	0.00356	0.000561	0	0	0	0.00000128	0.00000123
KAZ	0.00335	0.00318	0.00364	0.00324	0.00543	0.00332	0.00388	0.00475	0.00357	0.00342	0.00438	0.00505	0.00409	0.00485	0.00391	0.00446	0.00391	0.00372	0.00469	0.0039	0.00294	0.00432	0.00464	0.00107	0.000514	0.0000899	0.0000629	0.0401	0.0312	0.00914	0.0163	0.00639	0.00782	0.00648	0.0000457	0.0000476	0.000226	0.00825	0.00581	0.004	0.00257	0.00143	0.000212	0.00124	0.000743	0.00152	0.00161	0.00109	0.00334	0.00335	0.000092	0.00158	0.00155	0.0000447	0.0000369	0.000361	0	0	0	-0.00149	-0.00121
RIS	0.00178	0.00181	0.00201	0.00201	0.00192	0.00189	0.00216	0.00232	0.00203	0.00187	0.00207	0.00281	0.00196	0.00207	0.00182	0.00196	0.0019	0.00182	0.00194	0.00253	0.0019	0.00256	0.00681	0.000879	0.000703	0.000124	0.0000818	0.0388	0.154	0.00289	0.00301	0.00212	0.00328	0.00343	0.0000606	0.0000642	0.000247	0.00309	0.00325	0.00293	0.00579	0.00335	0.000228	0.00134	0.000677	0.00133	0.00143	0.00154	0.00198	0.00223	0.000113	0.00136	0.0013	0.0000586	0.0000489	0.000318	0	0	0	-0.000243	-0.000246
RUS	0.0154	0.0116	0.0136	0.0105	0.0414	0.0119	0.0143	0.0337	0.0138	0.0138	0.0226	0.0522	0.0189	0.0379	0.0222	0.027	0.0209	0.0197	0.0363	0.0345	0.00974	0.0372	0.0246	0.00415	0.00212	0.000291	0.00019	0.0426	0.0375	0.0925	0.036	0.0624	0.0204	0.0179	0.000141	0.000149	0.000647	0.0214	0.0144	0.0102	0.00816	0.00492	0.000565	0.00318	0.00184	0.00379	0.00389	0.00311	0.00994	0.0097	0.000299	0.0044	0.00441	0.000136	0.000112	0.00113	0	0	0	-0.00245	-0.002
RUE	0.0213	0.0214	0.0227	0.0237	0.0197	0.0224	0.0232	0.0252	0.0243	0.0211	0.0216	0.024	0.0181	0.0231	0.0212	0.0219	0.022	0.0211	0.0226	0.0221	0.0224	0.0255	0.0177	0.00802	0.00333	0.000508	0.000353	0.0371	0.027	0.0264	0.0583	0.0248	0.068	0.0595	0.000256	0.000268	0.00144	0.0747	0.0383	0.0277	0.00914	0.00686	0.00121	0.00674	0.00446	0.011	0.00975	0.00579	0.024	0.0278	0.000548	0.0129	0.0124	0.000252	0.000208	0.00274	0	0	0	-0.00417	-0.00324
UKR	0.00887	0.00407	0.00433	0.00292	0.00942	0.00371	0.00435	0.0181	0.00669	0.0052	0.00776	0.0189	0.00591	0.0254	0.0162	0.0146	0.0136	0.0122	0.0253	0.0143	0.00318	0.0175	0.00676	0.00182	0.000864	0.0000907	0.0000554	0.00821	0.00836	0.0153	0.00632	0.0337	0.00432	0.00393	0.000041	0.0000416	0.000171	0.00441	0.00323	0.00239	0.0021	0.00136	0.000153	0.000832	0.000485	0.000971	0.000971	0.000829	0.00246	0.00237	0.0000973	0.00112	0.00117	0.000039	0.0000333	0.00032	0	0	0	-0.00102	-0.000862
COR	0.00433	0.00465	0.00557	0.00575	0.00466	0.00529	0.00615	0.0049	0.00482	0.00486	0.00526	0.00441	0.00553	0.00426	0.00412	0.00454	0.00431	0.00431	0.00412	0.0044	0.00508	0.00522	0.0033	0.0019	0.000834	0.000123	0.0000855	0.00386	0.00395	0.00409	0.00676	0.00421	0.459	0.0644	0.0000626	0.0000671	0.000641	0.124	0.0251	0.0411	0.00241	0.002	0.000733	0.00538	0.00361	0.0106	0.00886	0.0042	0.00609	0.0063	0.000128	0.00382	0.00391	0.0000646	0.0000538	0.000755	0	0	0	-0.000255	-0.000251
JPN	0.00471	0.00496	0.00563	0.00568	0.0045	0.00535	0.00601	0.00529	0.00535	0.00505	0.00513	0.00485	0.00497	0.00467	0.00444	0.00474	0.00466	0.00462	0.00446	0.00505	0.00534	0.00602	0.00395	0.00246	0.00112	0.000221	0.000154	0.00402	0.00442	0.00431	0.00489	0.00447	0.03	0.289	0.000113	0.00012	0.000725	0.0118	0.00763	0.0169	0.00246	0.00217	0.000533	0.00286	0.00194	0.00606	0.00413	0.00268	0.00608	0.00671	0.000231	0.00417	0.004	0.000115	0.0000954	0.000958	0	0	0	0.0179	0.018
AUS	0.0000867	0.000135	0.000181	0.000254	0.000135	0.00017	0.000196	0.000198	0.000164	0.000142	0.000147	0.000213	0.000153	0.000157	0.000126	0.000138	0.000146	0.000108	0.000145	0.000227	0.000211	0.000245	0.00033	0.000493	0.00203	0.00378	0.0065	0.000161	0.000255	0.000138	0.000125	0.000139	0.000214	0.000298	0.0997	0.018	0.0123	0.000161	0.000228	0.000451	0.000422	0.000658	0.0132	0.00079	0.00295	0.00167	0.000702	0.000629	0.00014	0.000198	0.00452	0.000421	0.000621	0.0111	0.00652	0.00147	0	0	0	0.000108	0.000114
NZL	-0.000005	-0.000016	-0.0000016	-0.0000173	0.000006	-0.0000002	0.0000172	0.0000082	0.0000113	0.0000012	0.0000222	0.000008	0.0000333	0.0000056	0.0000003	0.0000066	0.0000026	-0.0000022	0.0000058	0.000012	0.0000027	0.0000162	0.0000111	0.0000224	0.0000864	0.00016	0.000211	0.0000048	0.0000039	0.0000071	0.000003	0.0000061	-0.0000001	0.0000044	0.000311	-0.00679	0.000337	-0.000002	0.0000044	0.0000087	0.0000108	0.0000253	0.000137	0.0000227	0.0000316	0.0000247	0.000017	0.0000189	-0.0000012	0.0000039	0.000179	0.0000108	0.0000148	0.000335	0.000115	0.0000646	0	0	0	0.0000018	0.00000292
PAC	0.0000511	0.0000409	0.0000408	0.0000425	0.0000373	0.0000328	0.000046	0.0000419	0.0000414	0.0000481	0.0000429	0.0000351	0.0000421	0.0000374	0.0000333	0.0000413	0.0000364	0.0000451	0.000033	0.0000455	0.0000455	0.0000419	0.0000768	0.0000756	0.000178	0.000246	0.00027	0.0000402	0.0000658	0.0000342	0.0000299	0.0000357	0.0000536	0.0000792	0.000273	0.000292	-0.0067	0.0000474	0.0000544	0.000146	0.0000894	0.000112	0.000487	0.00018	0.000521	0.000557	0.000206	0.000156	0.0000346	0.0000484	0.000273	0.0000996	0.000136	0.000288	0.000211	0.000148	0	0	0	0.0000347	0.0000357
MON	-0.000139	-0.000148	-0.000344	-0.000127	-0.000588	-0.000234	-0.000462	0.000018	0.0000335	-0.000286	-0.000531	-0.000126	-0.000734	-0.000131	-0.000172	-0.000346	-0.0000821	-0.000219	-0.000211	-0.0000271	0.000223	0.000209	-0.0000146	0.000343	0.000142	0.0000199	0.0000143	-0.00072	-0.00042	-0.000416	-0.0017	-0.000342	0.0234	-0.00287	0.0000093	0.0000095	0.0000957	0.0128	-0.00425	-0.00192	0.000111	0.000227	0.000103	0.000312	0.000391	0.000802	0.000285	0.000284	-0.001	-0.000506	0.0000238	0.000367	0.000516	0.0000114	0.0000082	0.000137	0	0	0	-0.000202	-0.0002
CHN	0.0376	0.0398	0.0441	0.0468	0.0361	0.0432	0.047	0.0428	0.0425	0.0398	0.0406	0.0398	0.0397	0.0378	0.0357	0.0378	0.0377	0.0368	0.0361	0.0417	0.044	0.0486	0.0354	0.0205	0.0121	0.00366	0.00265	0.0431	0.05	0.0347	0.0403	0.0361	0.255	0.155	0.00206	0.00216	0.0104	0.287	0.636	0.22	0.0287	0.0273	0.0154	0.116	0.0554	0.0808	0.149	0.0837	0.046	0.0531	0.0035	0.0375	0.0375	0.00204	0.00167	0.00913	0	0	0	0.0627	0.0629
TWN	0.00147	0.00158	0.00172	0.00194	0.00137	0.00171	0.00184	0.00178	0.00166	0.00156	0.00159	0.00174	0.0016	0.00152	0.00141	0.00147	0.00152	0.00144	0.00144	0.0019	0.0019	0.00211	0.00187	0.0011	0.000848	0.000354	0.000274	0.00142	0.00186	0.00136	0.00126	0.00141	0.0117	0.00782	0.00022	0.000235	0.00126	0.00565	0.00821	0.274	0.00233	0.00225	0.00212	0.0144	0.00958	0.00895	0.0174	0.00997	0.00167	0.0023	0.000346	0.0026	0.00262	0.00022	0.000178	0.000638	0	0	0	-0.0000365	-0.0000385
RSAS	0.00198	0.00209	0.00215	0.00254	0.00174	0.0022	0.00229	0.00245	0.00229	0.002	0.00198	0.0025	0.00191	0.00208	0.0019	0.00192	0.00206	0.00191	0.00193	0.00289	0.00269	0.00304	0.00665	0.00236	0.00504	0.00101	0.00053	0.00396	0.0045	0.00191	0.00169	0.00188	0.00253	0.00309	0.000404	0.000418	0.00125	0.00204	0.00283	0.00489	0.0911	0.0602	0.00165	0.00772	0.00274	0.0051	0.00514	0.00794	0.00195	0.00272	0.000728	0.00311	0.00359	0.000382	0.000317	0.00106	0	0	0	0.00226	0.00238
NDE	0.00514	0.00547	0.00572	0.00695	0.00458	0.00589	0.0061	0.00645	0.00599	0.00527	0.00521	0.00662	0.00508	0.00543	0.00493	0.00503	0.00539	0.00497	0.00505	0.00782	0.00749	0.00815	0.017	0.00865	0.0196	0.00454	0.00219	0.00598	0.0102	0.00482	0.00412	0.00488	0.00658	0.00864	0.00168	0.00174	0.00456	0.00531	0.00927	0.0156	0.107	0.221	0.00662	0.0427	0.011	0.0178	0.0214	0.0611	0.0051	0.00732	0.00305	0.00945	0.0117	0.00157	0.0013	0.00375	0	0	0	0.00662	0.00706
IDN	0.00269	0.00286	0.00313	0.00376	0.00252	0.00319	0.0034	0.00351	0.00317	0.00283	0.00291	0.00345	0.0029	0.00286	0.00258	0.00271	0.00285	0.00263	0.00265	0.00383	0.0038	0.0042	0.00509	0.00569	0.0126	0.0126	0.0117	0.00266	0.00402	0.0025	0.00218	0.00258	0.00527	0.00757	0.0111	0.0112	0.0301	0.00347	0.00526	0.014	0.00672	0.00904	0.0503	0.0202	0.0276	0.0379	0.0217	0.0165	0.00272	0.00366	0.0126	0.00592	0.00808	0.0112	0.00845	0.00712	0	0	0	-0.0000182	-0.000022
THA	0.000907	0.000971	0.000995	0.00116	0.000763	0.001	0.00105	0.0011	0.00105	0.000926	0.000878	0.00108	0.000845	0.000923	0.000865	0.00086	0.000929	0.000869	0.000862	0.0012	0.00122	0.00135	0.00141	0.00107	0.00121	0.00053	0.000369	0.000827	0.00119	0.000797	0.000665	0.000822	0.0014	0.00167	0.000313	0.000328	0.00124	0.00104	0.00175	0.00391	0.00194	0.00214	0.0019	0.0139	0.00204	0.00562	0.00407	-0.000565	0.000877	0.00126	0.000468	0.00161	0.00185	0.0003	0.00024	0.000642	0	0	0	0.00149	0.00162
MYS	0.000732	0.000808	0.000804	0.00107	0.000636	0.00091	0.000875	0.000914	0.000845	0.000753	0.000718	0.000894	0.000707	0.000732	0.00068	0.000693	0.00074	0.000701	0.000671	0.000999	0.00102	0.0011	0.00134	0.00137	0.00248	0.00189	0.00162	0.000699	0.00107	0.000639	0.000562	0.000653	0.00144	0.00189	0.00144	0.00149	0.00471	0.000918	0.00158	0.00477	0.00199	0.00252	0.00217	0.00722	-0.0392	0.01	0.00819	0.00616	0.00071	0.000983	0.00185	0.00161	0.00222	0.00144	0.00111	0.00133	0	0	0	0.000359	0.00039
PHL	0.000363	0.000393	0.0004	0.000552	0.000346	0.000436	0.000471	0.00048	0.000388	0.000391	0.000406	0.000468	0.000403	0.000399	0.00035	0.000371	0.000386	0.00036	0.000366	0.000513	0.000502	0.000583	0.000542	0.000416	0.000516	0.000371	0.000307	0.000345	0.000495	0.000337	0.000294	0.000353	0.000956	0.00118	0.00026	0.000277	0.00107	0.00061	0.00126	0.00635	0.000739	0.000862	0.00176	0.00412	0.00572	0.0307	0.00553	0.00291	0.000385	0.000545	0.000368	0.000776	0.00094	0.000262	0.000209	0.000364	0	0	0	0.000591	0.000637
VNM	0.00077	0.000828	0.000788	0.000967	0.000616	0.000861	0.000839	0.000901	0.000858	0.000769	0.000708	0.000895	0.000687	0.000773	0.000746	0.000715	0.000778	0.000744	0.000726	0.00101	0.000985	0.00113	0.00111	0.000828	0.000876	0.000414	0.000299	0.000673	0.000969	0.000653	0.000531	0.000683	0.00108	0.0013	0.000251	0.000261	0.00102	0.000817	0.000443	0.00237	0.00128	0.00175	0.00171	-0.00178	0.0016	0.00392	-0.00852	-0.00144	0.000709	0.00102	0.000363	0.00127	0.00144	0.000236	0.00019	0.000506	0	0	0	0.00093	0.00101
RSEA	0.0032	0.0034	0.00315	0.00381	0.00232	0.00338	0.00321	0.00361	0.00366	0.00306	0.00268	0.0035	0.00247	0.00308	0.00297	0.00277	0.00318	0.00296	0.00289	0.00382	0.00391	0.00442	0.00396	0.00347	0.00343	0.00123	0.00072	0.00258	0.00368	0.00257	0.00196	0.00267	0.00263	0.00291	0.000624	0.000639	0.00315	0.00211	-0.0000269	0.000595	0.00299	0.00484	0.00565	0.000164	0.00903	0.0109	0.00169	-0.0358	0.00254	0.00379	0.000921	0.0047	0.00542	0.000538	0.000437	0.0019	0	0	0	0.00383	0.00418
CAN	0.0196	0.0205	0.0217	0.0234	0.0152	0.0215	0.0221	0.0208	0.0228	0.0199	0.0183	0.0177	0.0153	0.0187	0.018	0.0182	0.0193	0.0186	0.0177	0.0174	0.0217	0.0217	0.0121	0.0071	0.00279	0.000354	0.000222	0.0126	0.0137	0.0151	0.0101	0.0169	0.012	0.0117	0.000159	0.000167	0.000645	0.0103	0.00771	0.00761	0.00575	0.00464	0.000572	0.00256	0.0018	0.00354	0.00315	0.00267	0.129	0.0546	0.000407	0.00905	0.011	0.000156	0.000134	0.00243	0	0	0	-0.00214	-0.00221
USA	0.0752	0.0818	0.0906	0.0961	0.0682	0.0886	0.0962	0.0798	0.0828	0.0819	0.0808	0.0719	0.0766	0.0716	0.0696	0.0746	0.0727	0.0734	0.0684	0.0745	0.0858	0.0888	0.0567	0.0315	0.013	0.00172	0.00113	0.0542	0.0611	0.0619	0.0455	0.0674	0.0498	0.0511	0.00082	0.000869	0.00314	0.0442	0.0322	0.032	0.0292	0.0233	0.00246	0.0109	0.00715	0.015	0.0129	0.0122	0.253	0.563	0.00198	0.104	0.0597	0.000811	0.000695	0.0119	0	0	0	0.0821	0.0875
BRA	0.000434	0.000463	0.000487	0.000606	0.000401	0.000512	0.000539	0.000588	0.00053	0.000455	0.000475	0.00059	0.000472	0.000468	0.00042	0.000448	0.000467	0.000428	0.000427	0.000665	0.000649	0.000728	0.00128	0.00274	0.00767	0.0115	0.0131	0.000417	0.000674	0.000397	0.000329	0.000416	0.000581	0.000764	0.0103	0.0105	0.0102	0.000449	0.000582	0.00106	0.00161	0.00286	0.00749	0.00229	0.00255	0.00215	0.00168	0.00214	0.000414	0.000676	0.0496	0.00188	0.00294	0.0123	0.00845	0.00286	0	0	0	0.00000014	4.46E-08
MEX	0.0042	0.00459	0.00446	0.00605	0.00332	0.00484	0.00462	0.00521	0.00481	0.00421	0.00384	0.00518	0.00368	0.00427	0.00394	0.00383	0.00436	0.00394	0.0039	0.00586	0.00602	0.0067	0.00582	0.00443	0.00228	0.000592	0.000484	0.00353	0.00524	0.00346	0.00269	0.0036	0.00344	0.00413	0.000373	0.000398	0.00108	0.00284	0.00273	0.00322	0.00448	0.00429	0.000563	0.00145	0.00094	0.00213	0.00153	0.00215	0.00371	0.0093	0.000734	0.0678	0.00954	0.000369	0.000303	0.00344	0	0	0	-0.00107	-0.00117
RCAM	0.00186	0.00208	0.00192	0.00273	0.00137	0.00212	0.00196	0.00223	0.00211	0.00185	0.00159	0.00227	0.00153	0.00183	0.00172	0.00163	0.00189	0.00172	0.00167	0.0026	0.00274	0.00288	0.00286	0.0022	0.00148	0.000597	0.000492	0.00159	0.00251	0.00146	0.00116	0.00151	0.00151	0.00183	0.00037	0.000393	0.000873	0.00122	0.0013	0.00153	0.00237	0.00238	0.000442	0.000896	0.000586	0.00121	0.000889	0.00128	0.00138	0.00329	0.000719	0.0144	0.000267	0.000374	0.000307	-0.000386	0	0	0	-0.00013	-0.000139
CHL	0.0000217	0.0000606	0.0000132	-0.0000211	0.00001	0.0000405	0.0000189	0.0000277	0.0000476	0.0000324	0.0000306	0.0000213	0.0000455	0.0000146	0.0000242	0.0000194	0.0000173	0.0000214	0.0000118	0.0000273	0.0000246	0.0000367	0.0000244	0.0000377	0.000181	0.000475	0.000726	0.0000054	0.0000124	0.0000042	0.0000053	0.00001	0.0000046	0.0000073	0.000705	0.000807	0.000275	0.0000067	0.0000068	0.0000127	0.0000205	0.0000343	0.000159	0.0000281	0.0000307	0.0000244	0.0000196	0.0000256	0.0000073	0.0000117	0.000787	0.000018	0.000037	0.151	0.00281	0.00136	0	0	0	0.0000059	0.00000378
ARG	0.0000303	0.0000566	0.0000501	0.0000599	0.0000358	0.0000485	0.0000427	0.0000542	0.0000511	0.000048	0.0000465	0.0000452	0.0000516	0.0000351	0.0000263	0.0000346	0.0000383	0.0000278	0.0000296	0.000055	0.0000574	0.0000618	0.000124	0.000331	0.00117	0.0023	0.00291	0.000037	0.0000579	0.0000336	0.0000284	0.0000319	0.000048	0.0000647	0.00271	0.00316	0.00174	0.0000362	0.000055	0.0000996	0.000164	0.000314	0.00129	0.000277	0.000319	0.00024	0.000195	0.00025	0.0000337	0.0000539	0.00246	0.000133	0.000236	0.00865	0.0407	0.000554	0	0	0	0.00000931	0.0000126
RSAM	0.00118	0.00131	0.00128	0.0017	0.000957	0.00142	0.00136	0.00147	0.00135	0.0012	0.00113	0.00148	0.00111	0.00122	0.00112	0.00109	0.00123	0.00113	0.00111	0.00167	0.00172	0.00184	0.00221	0.00259	0.00415	0.00464	0.00428	0.00107	0.00173	0.000983	0.000817	0.00103	0.00108	0.0014	0.00316	0.00312	0.00545	0.000901	0.00104	0.00158	0.00213	0.00273	0.00326	0.00171	0.00176	0.00237	0.00154	0.00183	0.000967	0.00187	0.00463	0.00619	0.00505	0.00575	0.000823	-0.0486	0	0	0	-0.0000103	-0.00000927
Ship	0	0	0	0	0	0	0	0	0	0	0	0	0	0	0	0	0	0	0	0	0	0	0	0	0	0	0	0	0	0	0	0	0	0	0	0	0	0	0	0	0	0	0	0	0	0	0	0	0	0	0	0	0	0	0	0	0	0	0	0.213	0.236
Air	0	0	0	0	0	0	0	0	0	0	0	0	0	0	0	0	0	0	0	0	0	0	0	0	0	0	0	0	0	0	0	0	0	0	0	0	0	0	0	0	0	0	0	0	0	0	0	0	0	0	0	0	0	0	0	0	0	0	0	0.0653	0.0672
Ocean	0	0	0	0	0	0	0	0	0	0	0	0	0	0	0	0	0	0	0	0	0	0	0	0	0	0	0	0	0	0	0	0	0	0	0	0	0	0	0	0	0	0	0	0	0	0	0	0	0	0	0	0	0	0	0	0	0	0	0	#N/A	#N/A
EUR	-0.35	-0.342	-0.602	-0.00903	-0.521	-0.249	-0.567	0.16	-0.123	-0.548	-0.242	0.195	-0.209	-0.0539	-0.242	-0.333	0.035	-0.443	-0.116	0.215	0.268	0.271	0.0761	0.0302	0.0102	0.000716	0.000563	0.0642	0.0828	0.0395	0.0359	0.0352	0.0295	0.0379	0.000453	0.000488	0.00117	0.0266	0.0293	0.0237	0.0243	0.0147	0.00116	0.00704	0.00369	0.00812	0.00814	0.00723	0.0197	0.0198	0.00078	0.00968	0.0132	0.000425	0.000334	0.00317	0	0	0	#N/A	#N/A
